ISO-10303-21;
HEADER;
/* Generated by software containing ST-Developer
 * from STEP Tools, Inc. (www.steptools.com) 
 */

FILE_DESCRIPTION(
/* description */ (''),
/* implementation_level */ '2;1');

FILE_NAME(
/* name */ 'LaptopCase.step',
/* time_stamp */ '2026-10-02T12:19:26+02:00',
/* author */ (''),
/* organization */ (''),
/* preprocessor_version */ 'ST-DEVELOPER v20.2',
/* originating_system */ 'Autodesk Translation Framework v15.15.0.0',
/* authorisation */ '');

FILE_SCHEMA (('AUTOMOTIVE_DESIGN { 1 0 10303 214 3 1 1 }'));
ENDSEC;

DATA;
#10=MECHANICAL_DESIGN_GEOMETRIC_PRESENTATION_REPRESENTATION('',(#17),#4583);
#11=ITEM_DEFINED_TRANSFORMATION($,$,#2603,#2965);
#12=(
REPRESENTATION_RELATIONSHIP($,$,#4594,#4593)
REPRESENTATION_RELATIONSHIP_WITH_TRANSFORMATION(#11)
SHAPE_REPRESENTATION_RELATIONSHIP()
);
#13=CONTEXT_DEPENDENT_SHAPE_REPRESENTATION(#12,#4592);
#14=NEXT_ASSEMBLY_USAGE_OCCURRENCE('LaptopCase:1','LaptopCase:1',
'LaptopCase:1',#4596,#4597,'LaptopCase:1');
#15=SHAPE_REPRESENTATION_RELATIONSHIP('SRR','None',#4594,#16);
#16=ADVANCED_BREP_SHAPE_REPRESENTATION('',(#18),#4582);
#17=STYLED_ITEM('',(#4609),#18);
#18=MANIFOLD_SOLID_BREP('Body1',#2589);
#19=SPHERICAL_SURFACE('',#2633,3.);
#20=SPHERICAL_SURFACE('',#2635,3.);
#21=ELLIPSE('',#2622,3.14558737542243,3.);
#22=ELLIPSE('',#2630,3.14558737542243,3.);
#23=FACE_BOUND('',#381,.T.);
#24=FACE_BOUND('',#400,.T.);
#25=FACE_BOUND('',#408,.T.);
#26=FACE_BOUND('',#411,.T.);
#27=FACE_BOUND('',#562,.T.);
#28=FACE_BOUND('',#563,.T.);
#29=FACE_BOUND('',#564,.T.);
#30=FACE_BOUND('',#565,.T.);
#31=FACE_BOUND('',#566,.T.);
#32=FACE_BOUND('',#567,.T.);
#33=FACE_BOUND('',#568,.T.);
#34=FACE_BOUND('',#569,.T.);
#35=FACE_BOUND('',#570,.T.);
#36=FACE_BOUND('',#571,.T.);
#37=FACE_BOUND('',#572,.T.);
#38=FACE_BOUND('',#573,.T.);
#39=FACE_BOUND('',#574,.T.);
#40=FACE_BOUND('',#575,.T.);
#41=FACE_BOUND('',#576,.T.);
#42=FACE_BOUND('',#577,.T.);
#43=FACE_BOUND('',#578,.T.);
#44=FACE_BOUND('',#579,.T.);
#45=FACE_BOUND('',#580,.T.);
#46=FACE_BOUND('',#581,.T.);
#47=FACE_BOUND('',#582,.T.);
#48=FACE_BOUND('',#583,.T.);
#49=FACE_BOUND('',#584,.T.);
#50=FACE_BOUND('',#585,.T.);
#51=FACE_BOUND('',#586,.T.);
#52=FACE_BOUND('',#587,.T.);
#53=FACE_BOUND('',#588,.T.);
#54=FACE_BOUND('',#589,.T.);
#55=FACE_BOUND('',#590,.T.);
#56=FACE_BOUND('',#591,.T.);
#57=FACE_BOUND('',#592,.T.);
#58=FACE_BOUND('',#593,.T.);
#59=FACE_BOUND('',#594,.T.);
#60=FACE_BOUND('',#595,.T.);
#61=FACE_BOUND('',#596,.T.);
#62=FACE_BOUND('',#597,.T.);
#63=FACE_BOUND('',#598,.T.);
#64=FACE_BOUND('',#599,.T.);
#65=FACE_BOUND('',#600,.T.);
#66=FACE_BOUND('',#601,.T.);
#67=FACE_BOUND('',#602,.T.);
#68=FACE_BOUND('',#603,.T.);
#69=FACE_BOUND('',#604,.T.);
#70=FACE_BOUND('',#605,.T.);
#71=FACE_BOUND('',#606,.T.);
#72=FACE_BOUND('',#607,.T.);
#73=FACE_BOUND('',#608,.T.);
#74=FACE_BOUND('',#609,.T.);
#75=FACE_BOUND('',#610,.T.);
#76=FACE_BOUND('',#611,.T.);
#77=FACE_BOUND('',#612,.T.);
#78=FACE_BOUND('',#613,.T.);
#79=FACE_BOUND('',#614,.T.);
#80=FACE_BOUND('',#615,.T.);
#81=FACE_BOUND('',#616,.T.);
#82=FACE_BOUND('',#617,.T.);
#83=FACE_BOUND('',#618,.T.);
#84=FACE_BOUND('',#619,.T.);
#85=FACE_BOUND('',#620,.T.);
#86=FACE_BOUND('',#621,.T.);
#87=FACE_BOUND('',#622,.T.);
#88=FACE_BOUND('',#623,.T.);
#89=FACE_BOUND('',#624,.T.);
#90=FACE_BOUND('',#625,.T.);
#91=FACE_BOUND('',#626,.T.);
#92=FACE_BOUND('',#627,.T.);
#93=FACE_BOUND('',#628,.T.);
#94=FACE_BOUND('',#629,.T.);
#95=FACE_BOUND('',#631,.T.);
#96=FACE_BOUND('',#635,.T.);
#97=FACE_BOUND('',#636,.T.);
#98=PLANE('',#2607);
#99=PLANE('',#2611);
#100=PLANE('',#2617);
#101=PLANE('',#2639);
#102=PLANE('',#2642);
#103=PLANE('',#2646);
#104=PLANE('',#2650);
#105=PLANE('',#2651);
#106=PLANE('',#2664);
#107=PLANE('',#2665);
#108=PLANE('',#2666);
#109=PLANE('',#2667);
#110=PLANE('',#2668);
#111=PLANE('',#2669);
#112=PLANE('',#2670);
#113=PLANE('',#2671);
#114=PLANE('',#2672);
#115=PLANE('',#2679);
#116=PLANE('',#2683);
#117=PLANE('',#2687);
#118=PLANE('',#2691);
#119=PLANE('',#2695);
#120=PLANE('',#2699);
#121=PLANE('',#2703);
#122=PLANE('',#2707);
#123=PLANE('',#2711);
#124=PLANE('',#2715);
#125=PLANE('',#2719);
#126=PLANE('',#2723);
#127=PLANE('',#2724);
#128=PLANE('',#2729);
#129=PLANE('',#2733);
#130=PLANE('',#2737);
#131=PLANE('',#2741);
#132=PLANE('',#2745);
#133=PLANE('',#2749);
#134=PLANE('',#2753);
#135=PLANE('',#2759);
#136=PLANE('',#2763);
#137=PLANE('',#2767);
#138=PLANE('',#2771);
#139=PLANE('',#2775);
#140=PLANE('',#2779);
#141=PLANE('',#2783);
#142=PLANE('',#2787);
#143=PLANE('',#2791);
#144=PLANE('',#2795);
#145=PLANE('',#2799);
#146=PLANE('',#2803);
#147=PLANE('',#2807);
#148=PLANE('',#2811);
#149=PLANE('',#2815);
#150=PLANE('',#2819);
#151=PLANE('',#2823);
#152=PLANE('',#2827);
#153=PLANE('',#2831);
#154=PLANE('',#2835);
#155=PLANE('',#2839);
#156=PLANE('',#2843);
#157=PLANE('',#2847);
#158=PLANE('',#2851);
#159=PLANE('',#2855);
#160=PLANE('',#2859);
#161=PLANE('',#2863);
#162=PLANE('',#2867);
#163=PLANE('',#2871);
#164=PLANE('',#2875);
#165=PLANE('',#2879);
#166=PLANE('',#2883);
#167=PLANE('',#2887);
#168=PLANE('',#2891);
#169=PLANE('',#2895);
#170=PLANE('',#2899);
#171=PLANE('',#2903);
#172=PLANE('',#2907);
#173=PLANE('',#2911);
#174=PLANE('',#2915);
#175=PLANE('',#2919);
#176=PLANE('',#2923);
#177=PLANE('',#2927);
#178=PLANE('',#2931);
#179=PLANE('',#2935);
#180=PLANE('',#2939);
#181=PLANE('',#2943);
#182=PLANE('',#2947);
#183=PLANE('',#2950);
#184=PLANE('',#2953);
#185=PLANE('',#2956);
#186=PLANE('',#2959);
#187=PLANE('',#2960);
#188=PLANE('',#2961);
#189=PLANE('',#2962);
#190=PLANE('',#2963);
#191=PLANE('',#2964);
#192=FACE_OUTER_BOUND('',#377,.T.);
#193=FACE_OUTER_BOUND('',#378,.T.);
#194=FACE_OUTER_BOUND('',#379,.T.);
#195=FACE_OUTER_BOUND('',#380,.T.);
#196=FACE_OUTER_BOUND('',#382,.T.);
#197=FACE_OUTER_BOUND('',#383,.T.);
#198=FACE_OUTER_BOUND('',#384,.T.);
#199=FACE_OUTER_BOUND('',#385,.T.);
#200=FACE_OUTER_BOUND('',#386,.T.);
#201=FACE_OUTER_BOUND('',#387,.T.);
#202=FACE_OUTER_BOUND('',#388,.T.);
#203=FACE_OUTER_BOUND('',#389,.T.);
#204=FACE_OUTER_BOUND('',#390,.T.);
#205=FACE_OUTER_BOUND('',#391,.T.);
#206=FACE_OUTER_BOUND('',#392,.T.);
#207=FACE_OUTER_BOUND('',#393,.T.);
#208=FACE_OUTER_BOUND('',#394,.T.);
#209=FACE_OUTER_BOUND('',#395,.T.);
#210=FACE_OUTER_BOUND('',#396,.T.);
#211=FACE_OUTER_BOUND('',#397,.T.);
#212=FACE_OUTER_BOUND('',#398,.T.);
#213=FACE_OUTER_BOUND('',#399,.T.);
#214=FACE_OUTER_BOUND('',#401,.T.);
#215=FACE_OUTER_BOUND('',#402,.T.);
#216=FACE_OUTER_BOUND('',#403,.T.);
#217=FACE_OUTER_BOUND('',#404,.T.);
#218=FACE_OUTER_BOUND('',#405,.T.);
#219=FACE_OUTER_BOUND('',#406,.T.);
#220=FACE_OUTER_BOUND('',#407,.T.);
#221=FACE_OUTER_BOUND('',#409,.T.);
#222=FACE_OUTER_BOUND('',#410,.T.);
#223=FACE_OUTER_BOUND('',#412,.T.);
#224=FACE_OUTER_BOUND('',#413,.T.);
#225=FACE_OUTER_BOUND('',#414,.T.);
#226=FACE_OUTER_BOUND('',#415,.T.);
#227=FACE_OUTER_BOUND('',#416,.T.);
#228=FACE_OUTER_BOUND('',#417,.T.);
#229=FACE_OUTER_BOUND('',#418,.T.);
#230=FACE_OUTER_BOUND('',#419,.T.);
#231=FACE_OUTER_BOUND('',#420,.T.);
#232=FACE_OUTER_BOUND('',#421,.T.);
#233=FACE_OUTER_BOUND('',#422,.T.);
#234=FACE_OUTER_BOUND('',#423,.T.);
#235=FACE_OUTER_BOUND('',#424,.T.);
#236=FACE_OUTER_BOUND('',#425,.T.);
#237=FACE_OUTER_BOUND('',#426,.T.);
#238=FACE_OUTER_BOUND('',#427,.T.);
#239=FACE_OUTER_BOUND('',#428,.T.);
#240=FACE_OUTER_BOUND('',#429,.T.);
#241=FACE_OUTER_BOUND('',#430,.T.);
#242=FACE_OUTER_BOUND('',#431,.T.);
#243=FACE_OUTER_BOUND('',#432,.T.);
#244=FACE_OUTER_BOUND('',#433,.T.);
#245=FACE_OUTER_BOUND('',#434,.T.);
#246=FACE_OUTER_BOUND('',#435,.T.);
#247=FACE_OUTER_BOUND('',#436,.T.);
#248=FACE_OUTER_BOUND('',#437,.T.);
#249=FACE_OUTER_BOUND('',#438,.T.);
#250=FACE_OUTER_BOUND('',#439,.T.);
#251=FACE_OUTER_BOUND('',#440,.T.);
#252=FACE_OUTER_BOUND('',#441,.T.);
#253=FACE_OUTER_BOUND('',#442,.T.);
#254=FACE_OUTER_BOUND('',#443,.T.);
#255=FACE_OUTER_BOUND('',#444,.T.);
#256=FACE_OUTER_BOUND('',#445,.T.);
#257=FACE_OUTER_BOUND('',#446,.T.);
#258=FACE_OUTER_BOUND('',#447,.T.);
#259=FACE_OUTER_BOUND('',#448,.T.);
#260=FACE_OUTER_BOUND('',#449,.T.);
#261=FACE_OUTER_BOUND('',#450,.T.);
#262=FACE_OUTER_BOUND('',#451,.T.);
#263=FACE_OUTER_BOUND('',#452,.T.);
#264=FACE_OUTER_BOUND('',#453,.T.);
#265=FACE_OUTER_BOUND('',#454,.T.);
#266=FACE_OUTER_BOUND('',#455,.T.);
#267=FACE_OUTER_BOUND('',#456,.T.);
#268=FACE_OUTER_BOUND('',#457,.T.);
#269=FACE_OUTER_BOUND('',#458,.T.);
#270=FACE_OUTER_BOUND('',#459,.T.);
#271=FACE_OUTER_BOUND('',#460,.T.);
#272=FACE_OUTER_BOUND('',#461,.T.);
#273=FACE_OUTER_BOUND('',#462,.T.);
#274=FACE_OUTER_BOUND('',#463,.T.);
#275=FACE_OUTER_BOUND('',#464,.T.);
#276=FACE_OUTER_BOUND('',#465,.T.);
#277=FACE_OUTER_BOUND('',#466,.T.);
#278=FACE_OUTER_BOUND('',#467,.T.);
#279=FACE_OUTER_BOUND('',#468,.T.);
#280=FACE_OUTER_BOUND('',#469,.T.);
#281=FACE_OUTER_BOUND('',#470,.T.);
#282=FACE_OUTER_BOUND('',#471,.T.);
#283=FACE_OUTER_BOUND('',#472,.T.);
#284=FACE_OUTER_BOUND('',#473,.T.);
#285=FACE_OUTER_BOUND('',#474,.T.);
#286=FACE_OUTER_BOUND('',#475,.T.);
#287=FACE_OUTER_BOUND('',#476,.T.);
#288=FACE_OUTER_BOUND('',#477,.T.);
#289=FACE_OUTER_BOUND('',#478,.T.);
#290=FACE_OUTER_BOUND('',#479,.T.);
#291=FACE_OUTER_BOUND('',#480,.T.);
#292=FACE_OUTER_BOUND('',#481,.T.);
#293=FACE_OUTER_BOUND('',#482,.T.);
#294=FACE_OUTER_BOUND('',#483,.T.);
#295=FACE_OUTER_BOUND('',#484,.T.);
#296=FACE_OUTER_BOUND('',#485,.T.);
#297=FACE_OUTER_BOUND('',#486,.T.);
#298=FACE_OUTER_BOUND('',#487,.T.);
#299=FACE_OUTER_BOUND('',#488,.T.);
#300=FACE_OUTER_BOUND('',#489,.T.);
#301=FACE_OUTER_BOUND('',#490,.T.);
#302=FACE_OUTER_BOUND('',#491,.T.);
#303=FACE_OUTER_BOUND('',#492,.T.);
#304=FACE_OUTER_BOUND('',#493,.T.);
#305=FACE_OUTER_BOUND('',#494,.T.);
#306=FACE_OUTER_BOUND('',#495,.T.);
#307=FACE_OUTER_BOUND('',#496,.T.);
#308=FACE_OUTER_BOUND('',#497,.T.);
#309=FACE_OUTER_BOUND('',#498,.T.);
#310=FACE_OUTER_BOUND('',#499,.T.);
#311=FACE_OUTER_BOUND('',#500,.T.);
#312=FACE_OUTER_BOUND('',#501,.T.);
#313=FACE_OUTER_BOUND('',#502,.T.);
#314=FACE_OUTER_BOUND('',#503,.T.);
#315=FACE_OUTER_BOUND('',#504,.T.);
#316=FACE_OUTER_BOUND('',#505,.T.);
#317=FACE_OUTER_BOUND('',#506,.T.);
#318=FACE_OUTER_BOUND('',#507,.T.);
#319=FACE_OUTER_BOUND('',#508,.T.);
#320=FACE_OUTER_BOUND('',#509,.T.);
#321=FACE_OUTER_BOUND('',#510,.T.);
#322=FACE_OUTER_BOUND('',#511,.T.);
#323=FACE_OUTER_BOUND('',#512,.T.);
#324=FACE_OUTER_BOUND('',#513,.T.);
#325=FACE_OUTER_BOUND('',#514,.T.);
#326=FACE_OUTER_BOUND('',#515,.T.);
#327=FACE_OUTER_BOUND('',#516,.T.);
#328=FACE_OUTER_BOUND('',#517,.T.);
#329=FACE_OUTER_BOUND('',#518,.T.);
#330=FACE_OUTER_BOUND('',#519,.T.);
#331=FACE_OUTER_BOUND('',#520,.T.);
#332=FACE_OUTER_BOUND('',#521,.T.);
#333=FACE_OUTER_BOUND('',#522,.T.);
#334=FACE_OUTER_BOUND('',#523,.T.);
#335=FACE_OUTER_BOUND('',#524,.T.);
#336=FACE_OUTER_BOUND('',#525,.T.);
#337=FACE_OUTER_BOUND('',#526,.T.);
#338=FACE_OUTER_BOUND('',#527,.T.);
#339=FACE_OUTER_BOUND('',#528,.T.);
#340=FACE_OUTER_BOUND('',#529,.T.);
#341=FACE_OUTER_BOUND('',#530,.T.);
#342=FACE_OUTER_BOUND('',#531,.T.);
#343=FACE_OUTER_BOUND('',#532,.T.);
#344=FACE_OUTER_BOUND('',#533,.T.);
#345=FACE_OUTER_BOUND('',#534,.T.);
#346=FACE_OUTER_BOUND('',#535,.T.);
#347=FACE_OUTER_BOUND('',#536,.T.);
#348=FACE_OUTER_BOUND('',#537,.T.);
#349=FACE_OUTER_BOUND('',#538,.T.);
#350=FACE_OUTER_BOUND('',#539,.T.);
#351=FACE_OUTER_BOUND('',#540,.T.);
#352=FACE_OUTER_BOUND('',#541,.T.);
#353=FACE_OUTER_BOUND('',#542,.T.);
#354=FACE_OUTER_BOUND('',#543,.T.);
#355=FACE_OUTER_BOUND('',#544,.T.);
#356=FACE_OUTER_BOUND('',#545,.T.);
#357=FACE_OUTER_BOUND('',#546,.T.);
#358=FACE_OUTER_BOUND('',#547,.T.);
#359=FACE_OUTER_BOUND('',#548,.T.);
#360=FACE_OUTER_BOUND('',#549,.T.);
#361=FACE_OUTER_BOUND('',#550,.T.);
#362=FACE_OUTER_BOUND('',#551,.T.);
#363=FACE_OUTER_BOUND('',#552,.T.);
#364=FACE_OUTER_BOUND('',#553,.T.);
#365=FACE_OUTER_BOUND('',#554,.T.);
#366=FACE_OUTER_BOUND('',#555,.T.);
#367=FACE_OUTER_BOUND('',#556,.T.);
#368=FACE_OUTER_BOUND('',#557,.T.);
#369=FACE_OUTER_BOUND('',#558,.T.);
#370=FACE_OUTER_BOUND('',#559,.T.);
#371=FACE_OUTER_BOUND('',#560,.T.);
#372=FACE_OUTER_BOUND('',#561,.T.);
#373=FACE_OUTER_BOUND('',#630,.T.);
#374=FACE_OUTER_BOUND('',#632,.T.);
#375=FACE_OUTER_BOUND('',#633,.T.);
#376=FACE_OUTER_BOUND('',#634,.T.);
#377=EDGE_LOOP('',(#1659,#1660,#1661,#1662));
#378=EDGE_LOOP('',(#1663));
#379=EDGE_LOOP('',(#1664,#1665,#1666,#1667));
#380=EDGE_LOOP('',(#1668,#1669,#1670,#1671,#1672,#1673));
#381=EDGE_LOOP('',(#1674,#1675,#1676,#1677,#1678,#1679,#1680,#1681));
#382=EDGE_LOOP('',(#1682,#1683,#1684,#1685));
#383=EDGE_LOOP('',(#1686,#1687,#1688,#1689));
#384=EDGE_LOOP('',(#1690,#1691,#1692,#1693));
#385=EDGE_LOOP('',(#1694,#1695,#1696,#1697));
#386=EDGE_LOOP('',(#1698,#1699,#1700,#1701));
#387=EDGE_LOOP('',(#1702,#1703,#1704,#1705));
#388=EDGE_LOOP('',(#1706,#1707,#1708,#1709));
#389=EDGE_LOOP('',(#1710,#1711,#1712));
#390=EDGE_LOOP('',(#1713,#1714,#1715));
#391=EDGE_LOOP('',(#1716,#1717,#1718,#1719));
#392=EDGE_LOOP('',(#1720,#1721,#1722,#1723));
#393=EDGE_LOOP('',(#1724,#1725,#1726,#1727));
#394=EDGE_LOOP('',(#1728,#1729,#1730,#1731,#1732,#1733,#1734));
#395=EDGE_LOOP('',(#1735,#1736,#1737,#1738));
#396=EDGE_LOOP('',(#1739,#1740,#1741,#1742));
#397=EDGE_LOOP('',(#1743,#1744,#1745,#1746));
#398=EDGE_LOOP('',(#1747,#1748,#1749,#1750));
#399=EDGE_LOOP('',(#1751,#1752,#1753,#1754));
#400=EDGE_LOOP('',(#1755,#1756,#1757,#1758));
#401=EDGE_LOOP('',(#1759,#1760,#1761,#1762));
#402=EDGE_LOOP('',(#1763,#1764,#1765,#1766));
#403=EDGE_LOOP('',(#1767,#1768,#1769,#1770));
#404=EDGE_LOOP('',(#1771,#1772,#1773,#1774));
#405=EDGE_LOOP('',(#1775,#1776,#1777,#1778));
#406=EDGE_LOOP('',(#1779,#1780,#1781,#1782));
#407=EDGE_LOOP('',(#1783,#1784,#1785,#1786));
#408=EDGE_LOOP('',(#1787,#1788,#1789,#1790));
#409=EDGE_LOOP('',(#1791,#1792,#1793,#1794));
#410=EDGE_LOOP('',(#1795,#1796,#1797,#1798));
#411=EDGE_LOOP('',(#1799,#1800,#1801,#1802,#1803,#1804));
#412=EDGE_LOOP('',(#1805,#1806,#1807,#1808));
#413=EDGE_LOOP('',(#1809,#1810,#1811,#1812));
#414=EDGE_LOOP('',(#1813,#1814,#1815,#1816));
#415=EDGE_LOOP('',(#1817,#1818,#1819,#1820));
#416=EDGE_LOOP('',(#1821,#1822,#1823,#1824));
#417=EDGE_LOOP('',(#1825,#1826,#1827,#1828));
#418=EDGE_LOOP('',(#1829));
#419=EDGE_LOOP('',(#1830,#1831,#1832,#1833));
#420=EDGE_LOOP('',(#1834));
#421=EDGE_LOOP('',(#1835,#1836,#1837,#1838));
#422=EDGE_LOOP('',(#1839));
#423=EDGE_LOOP('',(#1840,#1841,#1842,#1843));
#424=EDGE_LOOP('',(#1844));
#425=EDGE_LOOP('',(#1845,#1846,#1847,#1848));
#426=EDGE_LOOP('',(#1849));
#427=EDGE_LOOP('',(#1850,#1851,#1852,#1853));
#428=EDGE_LOOP('',(#1854));
#429=EDGE_LOOP('',(#1855,#1856,#1857,#1858));
#430=EDGE_LOOP('',(#1859));
#431=EDGE_LOOP('',(#1860,#1861,#1862,#1863));
#432=EDGE_LOOP('',(#1864));
#433=EDGE_LOOP('',(#1865,#1866,#1867,#1868));
#434=EDGE_LOOP('',(#1869));
#435=EDGE_LOOP('',(#1870,#1871,#1872,#1873));
#436=EDGE_LOOP('',(#1874));
#437=EDGE_LOOP('',(#1875,#1876,#1877,#1878));
#438=EDGE_LOOP('',(#1879));
#439=EDGE_LOOP('',(#1880,#1881,#1882,#1883));
#440=EDGE_LOOP('',(#1884));
#441=EDGE_LOOP('',(#1885,#1886,#1887,#1888));
#442=EDGE_LOOP('',(#1889,#1890,#1891,#1892));
#443=EDGE_LOOP('',(#1893));
#444=EDGE_LOOP('',(#1894,#1895,#1896,#1897));
#445=EDGE_LOOP('',(#1898));
#446=EDGE_LOOP('',(#1899,#1900,#1901,#1902));
#447=EDGE_LOOP('',(#1903));
#448=EDGE_LOOP('',(#1904,#1905,#1906,#1907));
#449=EDGE_LOOP('',(#1908));
#450=EDGE_LOOP('',(#1909,#1910,#1911,#1912));
#451=EDGE_LOOP('',(#1913));
#452=EDGE_LOOP('',(#1914,#1915,#1916,#1917));
#453=EDGE_LOOP('',(#1918));
#454=EDGE_LOOP('',(#1919,#1920,#1921,#1922));
#455=EDGE_LOOP('',(#1923));
#456=EDGE_LOOP('',(#1924,#1925,#1926,#1927));
#457=EDGE_LOOP('',(#1928,#1929,#1930,#1931));
#458=EDGE_LOOP('',(#1932));
#459=EDGE_LOOP('',(#1933,#1934,#1935,#1936));
#460=EDGE_LOOP('',(#1937));
#461=EDGE_LOOP('',(#1938,#1939,#1940,#1941));
#462=EDGE_LOOP('',(#1942));
#463=EDGE_LOOP('',(#1943,#1944,#1945,#1946));
#464=EDGE_LOOP('',(#1947));
#465=EDGE_LOOP('',(#1948,#1949,#1950,#1951));
#466=EDGE_LOOP('',(#1952));
#467=EDGE_LOOP('',(#1953,#1954,#1955,#1956));
#468=EDGE_LOOP('',(#1957));
#469=EDGE_LOOP('',(#1958,#1959,#1960,#1961));
#470=EDGE_LOOP('',(#1962));
#471=EDGE_LOOP('',(#1963,#1964,#1965,#1966));
#472=EDGE_LOOP('',(#1967));
#473=EDGE_LOOP('',(#1968,#1969,#1970,#1971));
#474=EDGE_LOOP('',(#1972));
#475=EDGE_LOOP('',(#1973,#1974,#1975,#1976));
#476=EDGE_LOOP('',(#1977));
#477=EDGE_LOOP('',(#1978,#1979,#1980,#1981));
#478=EDGE_LOOP('',(#1982));
#479=EDGE_LOOP('',(#1983,#1984,#1985,#1986));
#480=EDGE_LOOP('',(#1987));
#481=EDGE_LOOP('',(#1988,#1989,#1990,#1991));
#482=EDGE_LOOP('',(#1992));
#483=EDGE_LOOP('',(#1993,#1994,#1995,#1996));
#484=EDGE_LOOP('',(#1997));
#485=EDGE_LOOP('',(#1998,#1999,#2000,#2001));
#486=EDGE_LOOP('',(#2002));
#487=EDGE_LOOP('',(#2003,#2004,#2005,#2006));
#488=EDGE_LOOP('',(#2007));
#489=EDGE_LOOP('',(#2008,#2009,#2010,#2011));
#490=EDGE_LOOP('',(#2012));
#491=EDGE_LOOP('',(#2013,#2014,#2015,#2016));
#492=EDGE_LOOP('',(#2017));
#493=EDGE_LOOP('',(#2018,#2019,#2020,#2021));
#494=EDGE_LOOP('',(#2022));
#495=EDGE_LOOP('',(#2023,#2024,#2025,#2026));
#496=EDGE_LOOP('',(#2027));
#497=EDGE_LOOP('',(#2028,#2029,#2030,#2031));
#498=EDGE_LOOP('',(#2032));
#499=EDGE_LOOP('',(#2033,#2034,#2035,#2036));
#500=EDGE_LOOP('',(#2037));
#501=EDGE_LOOP('',(#2038,#2039,#2040,#2041));
#502=EDGE_LOOP('',(#2042));
#503=EDGE_LOOP('',(#2043,#2044,#2045,#2046));
#504=EDGE_LOOP('',(#2047));
#505=EDGE_LOOP('',(#2048,#2049,#2050,#2051));
#506=EDGE_LOOP('',(#2052));
#507=EDGE_LOOP('',(#2053,#2054,#2055,#2056));
#508=EDGE_LOOP('',(#2057));
#509=EDGE_LOOP('',(#2058,#2059,#2060,#2061));
#510=EDGE_LOOP('',(#2062));
#511=EDGE_LOOP('',(#2063,#2064,#2065,#2066));
#512=EDGE_LOOP('',(#2067));
#513=EDGE_LOOP('',(#2068,#2069,#2070,#2071));
#514=EDGE_LOOP('',(#2072));
#515=EDGE_LOOP('',(#2073,#2074,#2075,#2076));
#516=EDGE_LOOP('',(#2077));
#517=EDGE_LOOP('',(#2078,#2079,#2080,#2081));
#518=EDGE_LOOP('',(#2082));
#519=EDGE_LOOP('',(#2083,#2084,#2085,#2086));
#520=EDGE_LOOP('',(#2087));
#521=EDGE_LOOP('',(#2088,#2089,#2090,#2091));
#522=EDGE_LOOP('',(#2092));
#523=EDGE_LOOP('',(#2093,#2094,#2095,#2096));
#524=EDGE_LOOP('',(#2097));
#525=EDGE_LOOP('',(#2098,#2099,#2100,#2101));
#526=EDGE_LOOP('',(#2102));
#527=EDGE_LOOP('',(#2103,#2104,#2105,#2106));
#528=EDGE_LOOP('',(#2107));
#529=EDGE_LOOP('',(#2108,#2109,#2110,#2111));
#530=EDGE_LOOP('',(#2112));
#531=EDGE_LOOP('',(#2113,#2114,#2115,#2116));
#532=EDGE_LOOP('',(#2117));
#533=EDGE_LOOP('',(#2118,#2119,#2120,#2121));
#534=EDGE_LOOP('',(#2122));
#535=EDGE_LOOP('',(#2123,#2124,#2125,#2126));
#536=EDGE_LOOP('',(#2127));
#537=EDGE_LOOP('',(#2128,#2129,#2130,#2131));
#538=EDGE_LOOP('',(#2132));
#539=EDGE_LOOP('',(#2133,#2134,#2135,#2136));
#540=EDGE_LOOP('',(#2137));
#541=EDGE_LOOP('',(#2138,#2139,#2140,#2141));
#542=EDGE_LOOP('',(#2142));
#543=EDGE_LOOP('',(#2143,#2144,#2145,#2146));
#544=EDGE_LOOP('',(#2147));
#545=EDGE_LOOP('',(#2148,#2149,#2150,#2151));
#546=EDGE_LOOP('',(#2152));
#547=EDGE_LOOP('',(#2153,#2154,#2155,#2156));
#548=EDGE_LOOP('',(#2157));
#549=EDGE_LOOP('',(#2158,#2159,#2160,#2161));
#550=EDGE_LOOP('',(#2162));
#551=EDGE_LOOP('',(#2163,#2164,#2165,#2166));
#552=EDGE_LOOP('',(#2167));
#553=EDGE_LOOP('',(#2168,#2169,#2170,#2171));
#554=EDGE_LOOP('',(#2172,#2173,#2174,#2175));
#555=EDGE_LOOP('',(#2176,#2177,#2178,#2179));
#556=EDGE_LOOP('',(#2180,#2181,#2182,#2183));
#557=EDGE_LOOP('',(#2184,#2185,#2186,#2187));
#558=EDGE_LOOP('',(#2188,#2189,#2190,#2191));
#559=EDGE_LOOP('',(#2192,#2193,#2194,#2195));
#560=EDGE_LOOP('',(#2196,#2197,#2198,#2199));
#561=EDGE_LOOP('',(#2200,#2201,#2202,#2203,#2204,#2205,#2206,#2207));
#562=EDGE_LOOP('',(#2208));
#563=EDGE_LOOP('',(#2209));
#564=EDGE_LOOP('',(#2210));
#565=EDGE_LOOP('',(#2211));
#566=EDGE_LOOP('',(#2212));
#567=EDGE_LOOP('',(#2213));
#568=EDGE_LOOP('',(#2214));
#569=EDGE_LOOP('',(#2215));
#570=EDGE_LOOP('',(#2216));
#571=EDGE_LOOP('',(#2217));
#572=EDGE_LOOP('',(#2218));
#573=EDGE_LOOP('',(#2219));
#574=EDGE_LOOP('',(#2220));
#575=EDGE_LOOP('',(#2221));
#576=EDGE_LOOP('',(#2222));
#577=EDGE_LOOP('',(#2223));
#578=EDGE_LOOP('',(#2224));
#579=EDGE_LOOP('',(#2225));
#580=EDGE_LOOP('',(#2226));
#581=EDGE_LOOP('',(#2227));
#582=EDGE_LOOP('',(#2228));
#583=EDGE_LOOP('',(#2229));
#584=EDGE_LOOP('',(#2230));
#585=EDGE_LOOP('',(#2231));
#586=EDGE_LOOP('',(#2232));
#587=EDGE_LOOP('',(#2233));
#588=EDGE_LOOP('',(#2234));
#589=EDGE_LOOP('',(#2235));
#590=EDGE_LOOP('',(#2236));
#591=EDGE_LOOP('',(#2237));
#592=EDGE_LOOP('',(#2238));
#593=EDGE_LOOP('',(#2239));
#594=EDGE_LOOP('',(#2240));
#595=EDGE_LOOP('',(#2241));
#596=EDGE_LOOP('',(#2242));
#597=EDGE_LOOP('',(#2243));
#598=EDGE_LOOP('',(#2244));
#599=EDGE_LOOP('',(#2245));
#600=EDGE_LOOP('',(#2246));
#601=EDGE_LOOP('',(#2247));
#602=EDGE_LOOP('',(#2248));
#603=EDGE_LOOP('',(#2249));
#604=EDGE_LOOP('',(#2250));
#605=EDGE_LOOP('',(#2251));
#606=EDGE_LOOP('',(#2252));
#607=EDGE_LOOP('',(#2253));
#608=EDGE_LOOP('',(#2254));
#609=EDGE_LOOP('',(#2255));
#610=EDGE_LOOP('',(#2256));
#611=EDGE_LOOP('',(#2257));
#612=EDGE_LOOP('',(#2258));
#613=EDGE_LOOP('',(#2259));
#614=EDGE_LOOP('',(#2260));
#615=EDGE_LOOP('',(#2261));
#616=EDGE_LOOP('',(#2262));
#617=EDGE_LOOP('',(#2263));
#618=EDGE_LOOP('',(#2264));
#619=EDGE_LOOP('',(#2265));
#620=EDGE_LOOP('',(#2266));
#621=EDGE_LOOP('',(#2267));
#622=EDGE_LOOP('',(#2268));
#623=EDGE_LOOP('',(#2269));
#624=EDGE_LOOP('',(#2270));
#625=EDGE_LOOP('',(#2271));
#626=EDGE_LOOP('',(#2272));
#627=EDGE_LOOP('',(#2273));
#628=EDGE_LOOP('',(#2274));
#629=EDGE_LOOP('',(#2275,#2276,#2277,#2278));
#630=EDGE_LOOP('',(#2279,#2280,#2281,#2282,#2283,#2284));
#631=EDGE_LOOP('',(#2285,#2286,#2287,#2288,#2289,#2290));
#632=EDGE_LOOP('',(#2291,#2292,#2293,#2294));
#633=EDGE_LOOP('',(#2295,#2296,#2297,#2298,#2299,#2300,#2301));
#634=EDGE_LOOP('',(#2302,#2303,#2304,#2305,#2306,#2307,#2308,#2309));
#635=EDGE_LOOP('',(#2310));
#636=EDGE_LOOP('',(#2311,#2312,#2313,#2314));
#637=LINE('',#3852,#789);
#638=LINE('',#3860,#790);
#639=LINE('',#3863,#791);
#640=LINE('',#3866,#792);
#641=LINE('',#3870,#793);
#642=LINE('',#3872,#794);
#643=LINE('',#3873,#795);
#644=LINE('',#3876,#796);
#645=LINE('',#3880,#797);
#646=LINE('',#3884,#798);
#647=LINE('',#3888,#799);
#648=LINE('',#3892,#800);
#649=LINE('',#3893,#801);
#650=LINE('',#3897,#802);
#651=LINE('',#3901,#803);
#652=LINE('',#3905,#804);
#653=LINE('',#3909,#805);
#654=LINE('',#3912,#806);
#655=LINE('',#3917,#807);
#656=LINE('',#3920,#808);
#657=LINE('',#3924,#809);
#658=LINE('',#3928,#810);
#659=LINE('',#3932,#811);
#660=LINE('',#3934,#812);
#661=LINE('',#3941,#813);
#662=LINE('',#3944,#814);
#663=LINE('',#3947,#815);
#664=LINE('',#3948,#816);
#665=LINE('',#3951,#817);
#666=LINE('',#3954,#818);
#667=LINE('',#3955,#819);
#668=LINE('',#3961,#820);
#669=LINE('',#3964,#821);
#670=LINE('',#3967,#822);
#671=LINE('',#3969,#823);
#672=LINE('',#3970,#824);
#673=LINE('',#3976,#825);
#674=LINE('',#3979,#826);
#675=LINE('',#3981,#827);
#676=LINE('',#3982,#828);
#677=LINE('',#3984,#829);
#678=LINE('',#3995,#830);
#679=LINE('',#3998,#831);
#680=LINE('',#4001,#832);
#681=LINE('',#4005,#833);
#682=LINE('',#4011,#834);
#683=LINE('',#4013,#835);
#684=LINE('',#4014,#836);
#685=LINE('',#4016,#837);
#686=LINE('',#4017,#838);
#687=LINE('',#4021,#839);
#688=LINE('',#4023,#840);
#689=LINE('',#4025,#841);
#690=LINE('',#4026,#842);
#691=LINE('',#4029,#843);
#692=LINE('',#4031,#844);
#693=LINE('',#4032,#845);
#694=LINE('',#4035,#846);
#695=LINE('',#4037,#847);
#696=LINE('',#4038,#848);
#697=LINE('',#4040,#849);
#698=LINE('',#4041,#850);
#699=LINE('',#4046,#851);
#700=LINE('',#4048,#852);
#701=LINE('',#4050,#853);
#702=LINE('',#4051,#854);
#703=LINE('',#4055,#855);
#704=LINE('',#4057,#856);
#705=LINE('',#4059,#857);
#706=LINE('',#4060,#858);
#707=LINE('',#4068,#859);
#708=LINE('',#4075,#860);
#709=LINE('',#4082,#861);
#710=LINE('',#4089,#862);
#711=LINE('',#4096,#863);
#712=LINE('',#4103,#864);
#713=LINE('',#4110,#865);
#714=LINE('',#4117,#866);
#715=LINE('',#4124,#867);
#716=LINE('',#4131,#868);
#717=LINE('',#4138,#869);
#718=LINE('',#4145,#870);
#719=LINE('',#4154,#871);
#720=LINE('',#4161,#872);
#721=LINE('',#4168,#873);
#722=LINE('',#4175,#874);
#723=LINE('',#4182,#875);
#724=LINE('',#4189,#876);
#725=LINE('',#4196,#877);
#726=LINE('',#4205,#878);
#727=LINE('',#4212,#879);
#728=LINE('',#4219,#880);
#729=LINE('',#4226,#881);
#730=LINE('',#4233,#882);
#731=LINE('',#4240,#883);
#732=LINE('',#4247,#884);
#733=LINE('',#4254,#885);
#734=LINE('',#4261,#886);
#735=LINE('',#4268,#887);
#736=LINE('',#4275,#888);
#737=LINE('',#4282,#889);
#738=LINE('',#4289,#890);
#739=LINE('',#4296,#891);
#740=LINE('',#4303,#892);
#741=LINE('',#4310,#893);
#742=LINE('',#4317,#894);
#743=LINE('',#4324,#895);
#744=LINE('',#4331,#896);
#745=LINE('',#4338,#897);
#746=LINE('',#4345,#898);
#747=LINE('',#4352,#899);
#748=LINE('',#4359,#900);
#749=LINE('',#4366,#901);
#750=LINE('',#4373,#902);
#751=LINE('',#4380,#903);
#752=LINE('',#4387,#904);
#753=LINE('',#4394,#905);
#754=LINE('',#4401,#906);
#755=LINE('',#4408,#907);
#756=LINE('',#4415,#908);
#757=LINE('',#4422,#909);
#758=LINE('',#4429,#910);
#759=LINE('',#4436,#911);
#760=LINE('',#4443,#912);
#761=LINE('',#4450,#913);
#762=LINE('',#4457,#914);
#763=LINE('',#4464,#915);
#764=LINE('',#4471,#916);
#765=LINE('',#4478,#917);
#766=LINE('',#4485,#918);
#767=LINE('',#4492,#919);
#768=LINE('',#4499,#920);
#769=LINE('',#4506,#921);
#770=LINE('',#4513,#922);
#771=LINE('',#4520,#923);
#772=LINE('',#4527,#924);
#773=LINE('',#4534,#925);
#774=LINE('',#4541,#926);
#775=LINE('',#4542,#927);
#776=LINE('',#4545,#928);
#777=LINE('',#4546,#929);
#778=LINE('',#4551,#930);
#779=LINE('',#4552,#931);
#780=LINE('',#4554,#932);
#781=LINE('',#4559,#933);
#782=LINE('',#4560,#934);
#783=LINE('',#4562,#935);
#784=LINE('',#4566,#936);
#785=LINE('',#4568,#937);
#786=LINE('',#4571,#938);
#787=LINE('',#4573,#939);
#788=LINE('',#4575,#940);
#789=VECTOR('',#2974,1.05);
#790=VECTOR('',#2983,10.);
#791=VECTOR('',#2986,10.);
#792=VECTOR('',#2989,10.);
#793=VECTOR('',#2992,10.);
#794=VECTOR('',#2993,10.);
#795=VECTOR('',#2994,10.);
#796=VECTOR('',#2995,10.);
#797=VECTOR('',#2998,10.);
#798=VECTOR('',#3001,10.);
#799=VECTOR('',#3004,10.);
#800=VECTOR('',#3009,10.);
#801=VECTOR('',#3010,10.);
#802=VECTOR('',#3015,10.);
#803=VECTOR('',#3018,10.);
#804=VECTOR('',#3021,10.);
#805=VECTOR('',#3026,10.);
#806=VECTOR('',#3029,10.);
#807=VECTOR('',#3034,10.);
#808=VECTOR('',#3037,10.);
#809=VECTOR('',#3040,10.);
#810=VECTOR('',#3043,10.);
#811=VECTOR('',#3048,10.);
#812=VECTOR('',#3051,10.);
#813=VECTOR('',#3062,10.);
#814=VECTOR('',#3065,10.);
#815=VECTOR('',#3068,10.);
#816=VECTOR('',#3069,10.);
#817=VECTOR('',#3072,10.);
#818=VECTOR('',#3077,10.);
#819=VECTOR('',#3078,10.);
#820=VECTOR('',#3083,10.);
#821=VECTOR('',#3086,10.);
#822=VECTOR('',#3089,10.);
#823=VECTOR('',#3090,10.);
#824=VECTOR('',#3091,10.);
#825=VECTOR('',#3096,10.);
#826=VECTOR('',#3099,10.);
#827=VECTOR('',#3102,10.);
#828=VECTOR('',#3103,10.);
#829=VECTOR('',#3106,10.);
#830=VECTOR('',#3117,10.);
#831=VECTOR('',#3120,10.);
#832=VECTOR('',#3123,10.);
#833=VECTOR('',#3128,10.);
#834=VECTOR('',#3137,10.);
#835=VECTOR('',#3138,10.);
#836=VECTOR('',#3139,10.);
#837=VECTOR('',#3142,10.);
#838=VECTOR('',#3143,10.);
#839=VECTOR('',#3146,10.);
#840=VECTOR('',#3147,10.);
#841=VECTOR('',#3148,10.);
#842=VECTOR('',#3149,10.);
#843=VECTOR('',#3152,10.);
#844=VECTOR('',#3153,10.);
#845=VECTOR('',#3154,10.);
#846=VECTOR('',#3157,10.);
#847=VECTOR('',#3158,10.);
#848=VECTOR('',#3159,10.);
#849=VECTOR('',#3162,10.);
#850=VECTOR('',#3163,10.);
#851=VECTOR('',#3168,10.);
#852=VECTOR('',#3169,10.);
#853=VECTOR('',#3170,10.);
#854=VECTOR('',#3171,10.);
#855=VECTOR('',#3174,10.);
#856=VECTOR('',#3175,10.);
#857=VECTOR('',#3176,10.);
#858=VECTOR('',#3177,10.);
#859=VECTOR('',#3188,1.6032);
#860=VECTOR('',#3197,1.6032);
#861=VECTOR('',#3206,1.6032);
#862=VECTOR('',#3215,1.6032);
#863=VECTOR('',#3224,1.6032);
#864=VECTOR('',#3233,1.6032);
#865=VECTOR('',#3242,1.6032);
#866=VECTOR('',#3251,1.6032);
#867=VECTOR('',#3260,1.6032);
#868=VECTOR('',#3269,1.6032);
#869=VECTOR('',#3278,1.6032);
#870=VECTOR('',#3287,1.6032);
#871=VECTOR('',#3300,1.6032);
#872=VECTOR('',#3309,1.6032);
#873=VECTOR('',#3318,1.6032);
#874=VECTOR('',#3327,1.6032);
#875=VECTOR('',#3336,1.6032);
#876=VECTOR('',#3345,1.6032);
#877=VECTOR('',#3354,1.6032);
#878=VECTOR('',#3367,1.6032);
#879=VECTOR('',#3376,1.6032);
#880=VECTOR('',#3385,1.6032);
#881=VECTOR('',#3394,1.6032);
#882=VECTOR('',#3403,1.6032);
#883=VECTOR('',#3412,1.6032);
#884=VECTOR('',#3421,1.6032);
#885=VECTOR('',#3430,1.6032);
#886=VECTOR('',#3439,1.6032);
#887=VECTOR('',#3448,1.6032);
#888=VECTOR('',#3457,1.6032);
#889=VECTOR('',#3466,1.6032);
#890=VECTOR('',#3475,1.6032);
#891=VECTOR('',#3484,1.6032);
#892=VECTOR('',#3493,1.6032);
#893=VECTOR('',#3502,1.6032);
#894=VECTOR('',#3511,1.6032);
#895=VECTOR('',#3520,1.6032);
#896=VECTOR('',#3529,1.6032);
#897=VECTOR('',#3538,1.6032);
#898=VECTOR('',#3547,1.6032);
#899=VECTOR('',#3556,1.6032);
#900=VECTOR('',#3565,1.6032);
#901=VECTOR('',#3574,1.6032);
#902=VECTOR('',#3583,1.6032);
#903=VECTOR('',#3592,1.6032);
#904=VECTOR('',#3601,1.6032);
#905=VECTOR('',#3610,1.6032);
#906=VECTOR('',#3619,1.6032);
#907=VECTOR('',#3628,1.6032);
#908=VECTOR('',#3637,1.6032);
#909=VECTOR('',#3646,1.6032);
#910=VECTOR('',#3655,1.6032);
#911=VECTOR('',#3664,1.6032);
#912=VECTOR('',#3673,1.6032);
#913=VECTOR('',#3682,1.6032);
#914=VECTOR('',#3691,1.6032);
#915=VECTOR('',#3700,1.6032);
#916=VECTOR('',#3709,1.6032);
#917=VECTOR('',#3718,1.6032);
#918=VECTOR('',#3727,1.6032);
#919=VECTOR('',#3736,1.6032);
#920=VECTOR('',#3745,1.6032);
#921=VECTOR('',#3754,1.6032);
#922=VECTOR('',#3763,1.6032);
#923=VECTOR('',#3772,1.6032);
#924=VECTOR('',#3781,1.6032);
#925=VECTOR('',#3790,1.6032);
#926=VECTOR('',#3799,10.);
#927=VECTOR('',#3800,10.);
#928=VECTOR('',#3803,10.);
#929=VECTOR('',#3804,10.);
#930=VECTOR('',#3809,10.);
#931=VECTOR('',#3810,10.);
#932=VECTOR('',#3813,10.);
#933=VECTOR('',#3818,10.);
#934=VECTOR('',#3819,10.);
#935=VECTOR('',#3822,10.);
#936=VECTOR('',#3827,10.);
#937=VECTOR('',#3830,10.);
#938=VECTOR('',#3835,10.);
#939=VECTOR('',#3838,10.);
#940=VECTOR('',#3841,10.);
#941=CIRCLE('',#2605,1.05);
#942=CIRCLE('',#2606,1.05);
#943=CIRCLE('',#2609,3.);
#944=CIRCLE('',#2610,3.);
#945=CIRCLE('',#2612,3.);
#946=CIRCLE('',#2613,2.1032);
#947=CIRCLE('',#2614,2.1032);
#948=CIRCLE('',#2615,2.1032);
#949=CIRCLE('',#2616,2.1032);
#950=CIRCLE('',#2619,3.);
#951=CIRCLE('',#2621,3.);
#952=CIRCLE('',#2624,3.);
#953=CIRCLE('',#2626,3.);
#954=CIRCLE('',#2627,3.);
#955=CIRCLE('',#2629,3.);
#956=CIRCLE('',#2632,3.);
#957=CIRCLE('',#2634,3.);
#958=CIRCLE('',#2636,3.);
#959=CIRCLE('',#2638,3.);
#960=CIRCLE('',#2641,3.);
#961=CIRCLE('',#2644,1.5);
#962=CIRCLE('',#2645,1.5);
#963=CIRCLE('',#2648,1.5);
#964=CIRCLE('',#2649,1.5);
#965=CIRCLE('',#2652,5.00000000000001);
#966=CIRCLE('',#2653,4.99999999999999);
#967=CIRCLE('',#2654,4.99999999999999);
#968=CIRCLE('',#2655,5.00000000000001);
#969=CIRCLE('',#2657,5.00000000000001);
#970=CIRCLE('',#2659,5.00000000000001);
#971=CIRCLE('',#2661,4.99999999999999);
#972=CIRCLE('',#2663,4.99999999999999);
#973=CIRCLE('',#2674,1.6032);
#974=CIRCLE('',#2675,1.6032);
#975=CIRCLE('',#2677,1.6032);
#976=CIRCLE('',#2678,1.6032);
#977=CIRCLE('',#2681,1.6032);
#978=CIRCLE('',#2682,1.6032);
#979=CIRCLE('',#2685,1.6032);
#980=CIRCLE('',#2686,1.6032);
#981=CIRCLE('',#2689,1.6032);
#982=CIRCLE('',#2690,1.6032);
#983=CIRCLE('',#2693,1.6032);
#984=CIRCLE('',#2694,1.6032);
#985=CIRCLE('',#2697,1.6032);
#986=CIRCLE('',#2698,1.6032);
#987=CIRCLE('',#2701,1.6032);
#988=CIRCLE('',#2702,1.6032);
#989=CIRCLE('',#2705,1.6032);
#990=CIRCLE('',#2706,1.6032);
#991=CIRCLE('',#2709,1.6032);
#992=CIRCLE('',#2710,1.6032);
#993=CIRCLE('',#2713,1.6032);
#994=CIRCLE('',#2714,1.6032);
#995=CIRCLE('',#2717,1.6032);
#996=CIRCLE('',#2718,1.6032);
#997=CIRCLE('',#2721,1.6032);
#998=CIRCLE('',#2722,1.6032);
#999=CIRCLE('',#2725,1.6032);
#1000=CIRCLE('',#2727,1.6032);
#1001=CIRCLE('',#2728,1.6032);
#1002=CIRCLE('',#2731,1.6032);
#1003=CIRCLE('',#2732,1.6032);
#1004=CIRCLE('',#2735,1.6032);
#1005=CIRCLE('',#2736,1.6032);
#1006=CIRCLE('',#2739,1.6032);
#1007=CIRCLE('',#2740,1.6032);
#1008=CIRCLE('',#2743,1.6032);
#1009=CIRCLE('',#2744,1.6032);
#1010=CIRCLE('',#2747,1.6032);
#1011=CIRCLE('',#2748,1.6032);
#1012=CIRCLE('',#2751,1.6032);
#1013=CIRCLE('',#2752,1.6032);
#1014=CIRCLE('',#2755,1.6032);
#1015=CIRCLE('',#2757,1.6032);
#1016=CIRCLE('',#2758,1.6032);
#1017=CIRCLE('',#2761,1.6032);
#1018=CIRCLE('',#2762,1.6032);
#1019=CIRCLE('',#2765,1.6032);
#1020=CIRCLE('',#2766,1.6032);
#1021=CIRCLE('',#2769,1.6032);
#1022=CIRCLE('',#2770,1.6032);
#1023=CIRCLE('',#2773,1.6032);
#1024=CIRCLE('',#2774,1.6032);
#1025=CIRCLE('',#2777,1.6032);
#1026=CIRCLE('',#2778,1.6032);
#1027=CIRCLE('',#2781,1.6032);
#1028=CIRCLE('',#2782,1.6032);
#1029=CIRCLE('',#2785,1.6032);
#1030=CIRCLE('',#2786,1.6032);
#1031=CIRCLE('',#2789,1.6032);
#1032=CIRCLE('',#2790,1.6032);
#1033=CIRCLE('',#2793,1.6032);
#1034=CIRCLE('',#2794,1.6032);
#1035=CIRCLE('',#2797,1.6032);
#1036=CIRCLE('',#2798,1.6032);
#1037=CIRCLE('',#2801,1.6032);
#1038=CIRCLE('',#2802,1.6032);
#1039=CIRCLE('',#2805,1.6032);
#1040=CIRCLE('',#2806,1.6032);
#1041=CIRCLE('',#2809,1.6032);
#1042=CIRCLE('',#2810,1.6032);
#1043=CIRCLE('',#2813,1.6032);
#1044=CIRCLE('',#2814,1.6032);
#1045=CIRCLE('',#2817,1.6032);
#1046=CIRCLE('',#2818,1.6032);
#1047=CIRCLE('',#2821,1.6032);
#1048=CIRCLE('',#2822,1.6032);
#1049=CIRCLE('',#2825,1.6032);
#1050=CIRCLE('',#2826,1.6032);
#1051=CIRCLE('',#2829,1.6032);
#1052=CIRCLE('',#2830,1.6032);
#1053=CIRCLE('',#2833,1.6032);
#1054=CIRCLE('',#2834,1.6032);
#1055=CIRCLE('',#2837,1.6032);
#1056=CIRCLE('',#2838,1.6032);
#1057=CIRCLE('',#2841,1.6032);
#1058=CIRCLE('',#2842,1.6032);
#1059=CIRCLE('',#2845,1.6032);
#1060=CIRCLE('',#2846,1.6032);
#1061=CIRCLE('',#2849,1.6032);
#1062=CIRCLE('',#2850,1.6032);
#1063=CIRCLE('',#2853,1.6032);
#1064=CIRCLE('',#2854,1.6032);
#1065=CIRCLE('',#2857,1.6032);
#1066=CIRCLE('',#2858,1.6032);
#1067=CIRCLE('',#2861,1.6032);
#1068=CIRCLE('',#2862,1.6032);
#1069=CIRCLE('',#2865,1.6032);
#1070=CIRCLE('',#2866,1.6032);
#1071=CIRCLE('',#2869,1.6032);
#1072=CIRCLE('',#2870,1.6032);
#1073=CIRCLE('',#2873,1.6032);
#1074=CIRCLE('',#2874,1.6032);
#1075=CIRCLE('',#2877,1.6032);
#1076=CIRCLE('',#2878,1.6032);
#1077=CIRCLE('',#2881,1.6032);
#1078=CIRCLE('',#2882,1.6032);
#1079=CIRCLE('',#2885,1.6032);
#1080=CIRCLE('',#2886,1.6032);
#1081=CIRCLE('',#2889,1.6032);
#1082=CIRCLE('',#2890,1.6032);
#1083=CIRCLE('',#2893,1.6032);
#1084=CIRCLE('',#2894,1.6032);
#1085=CIRCLE('',#2897,1.6032);
#1086=CIRCLE('',#2898,1.6032);
#1087=CIRCLE('',#2901,1.6032);
#1088=CIRCLE('',#2902,1.6032);
#1089=CIRCLE('',#2905,1.6032);
#1090=CIRCLE('',#2906,1.6032);
#1091=CIRCLE('',#2909,1.6032);
#1092=CIRCLE('',#2910,1.6032);
#1093=CIRCLE('',#2913,1.6032);
#1094=CIRCLE('',#2914,1.6032);
#1095=CIRCLE('',#2917,1.6032);
#1096=CIRCLE('',#2918,1.6032);
#1097=CIRCLE('',#2921,1.6032);
#1098=CIRCLE('',#2922,1.6032);
#1099=CIRCLE('',#2925,1.6032);
#1100=CIRCLE('',#2926,1.6032);
#1101=CIRCLE('',#2929,1.6032);
#1102=CIRCLE('',#2930,1.6032);
#1103=CIRCLE('',#2933,1.6032);
#1104=CIRCLE('',#2934,1.6032);
#1105=CIRCLE('',#2937,1.6032);
#1106=CIRCLE('',#2938,1.6032);
#1107=CIRCLE('',#2941,1.6032);
#1108=CIRCLE('',#2942,1.6032);
#1109=CIRCLE('',#2945,1.6032);
#1110=CIRCLE('',#2946,1.6032);
#1111=CIRCLE('',#2949,2.1032);
#1112=CIRCLE('',#2952,2.1032);
#1113=CIRCLE('',#2955,2.1032);
#1114=CIRCLE('',#2958,2.1032);
#1115=VERTEX_POINT('',#3849);
#1116=VERTEX_POINT('',#3851);
#1117=VERTEX_POINT('',#3856);
#1118=VERTEX_POINT('',#3857);
#1119=VERTEX_POINT('',#3859);
#1120=VERTEX_POINT('',#3861);
#1121=VERTEX_POINT('',#3865);
#1122=VERTEX_POINT('',#3867);
#1123=VERTEX_POINT('',#3869);
#1124=VERTEX_POINT('',#3871);
#1125=VERTEX_POINT('',#3874);
#1126=VERTEX_POINT('',#3875);
#1127=VERTEX_POINT('',#3877);
#1128=VERTEX_POINT('',#3879);
#1129=VERTEX_POINT('',#3881);
#1130=VERTEX_POINT('',#3883);
#1131=VERTEX_POINT('',#3885);
#1132=VERTEX_POINT('',#3887);
#1133=VERTEX_POINT('',#3891);
#1134=VERTEX_POINT('',#3895);
#1135=VERTEX_POINT('',#3899);
#1136=VERTEX_POINT('',#3900);
#1137=VERTEX_POINT('',#3902);
#1138=VERTEX_POINT('',#3904);
#1139=VERTEX_POINT('',#3908);
#1140=VERTEX_POINT('',#3910);
#1141=VERTEX_POINT('',#3914);
#1142=VERTEX_POINT('',#3916);
#1143=VERTEX_POINT('',#3918);
#1144=VERTEX_POINT('',#3922);
#1145=VERTEX_POINT('',#3923);
#1146=VERTEX_POINT('',#3925);
#1147=VERTEX_POINT('',#3927);
#1148=VERTEX_POINT('',#3931);
#1149=VERTEX_POINT('',#3940);
#1150=VERTEX_POINT('',#3942);
#1151=VERTEX_POINT('',#3946);
#1152=VERTEX_POINT('',#3950);
#1153=VERTEX_POINT('',#3957);
#1154=VERTEX_POINT('',#3958);
#1155=VERTEX_POINT('',#3960);
#1156=VERTEX_POINT('',#3962);
#1157=VERTEX_POINT('',#3966);
#1158=VERTEX_POINT('',#3968);
#1159=VERTEX_POINT('',#3972);
#1160=VERTEX_POINT('',#3973);
#1161=VERTEX_POINT('',#3975);
#1162=VERTEX_POINT('',#3977);
#1163=VERTEX_POINT('',#3985);
#1164=VERTEX_POINT('',#3986);
#1165=VERTEX_POINT('',#3988);
#1166=VERTEX_POINT('',#3990);
#1167=VERTEX_POINT('',#3994);
#1168=VERTEX_POINT('',#3996);
#1169=VERTEX_POINT('',#4000);
#1170=VERTEX_POINT('',#4004);
#1171=VERTEX_POINT('',#4010);
#1172=VERTEX_POINT('',#4012);
#1173=VERTEX_POINT('',#4019);
#1174=VERTEX_POINT('',#4020);
#1175=VERTEX_POINT('',#4022);
#1176=VERTEX_POINT('',#4024);
#1177=VERTEX_POINT('',#4028);
#1178=VERTEX_POINT('',#4030);
#1179=VERTEX_POINT('',#4034);
#1180=VERTEX_POINT('',#4036);
#1181=VERTEX_POINT('',#4044);
#1182=VERTEX_POINT('',#4045);
#1183=VERTEX_POINT('',#4047);
#1184=VERTEX_POINT('',#4049);
#1185=VERTEX_POINT('',#4053);
#1186=VERTEX_POINT('',#4054);
#1187=VERTEX_POINT('',#4056);
#1188=VERTEX_POINT('',#4058);
#1189=VERTEX_POINT('',#4065);
#1190=VERTEX_POINT('',#4067);
#1191=VERTEX_POINT('',#4072);
#1192=VERTEX_POINT('',#4074);
#1193=VERTEX_POINT('',#4079);
#1194=VERTEX_POINT('',#4081);
#1195=VERTEX_POINT('',#4086);
#1196=VERTEX_POINT('',#4088);
#1197=VERTEX_POINT('',#4093);
#1198=VERTEX_POINT('',#4095);
#1199=VERTEX_POINT('',#4100);
#1200=VERTEX_POINT('',#4102);
#1201=VERTEX_POINT('',#4107);
#1202=VERTEX_POINT('',#4109);
#1203=VERTEX_POINT('',#4114);
#1204=VERTEX_POINT('',#4116);
#1205=VERTEX_POINT('',#4121);
#1206=VERTEX_POINT('',#4123);
#1207=VERTEX_POINT('',#4128);
#1208=VERTEX_POINT('',#4130);
#1209=VERTEX_POINT('',#4135);
#1210=VERTEX_POINT('',#4137);
#1211=VERTEX_POINT('',#4142);
#1212=VERTEX_POINT('',#4144);
#1213=VERTEX_POINT('',#4151);
#1214=VERTEX_POINT('',#4153);
#1215=VERTEX_POINT('',#4158);
#1216=VERTEX_POINT('',#4160);
#1217=VERTEX_POINT('',#4165);
#1218=VERTEX_POINT('',#4167);
#1219=VERTEX_POINT('',#4172);
#1220=VERTEX_POINT('',#4174);
#1221=VERTEX_POINT('',#4179);
#1222=VERTEX_POINT('',#4181);
#1223=VERTEX_POINT('',#4186);
#1224=VERTEX_POINT('',#4188);
#1225=VERTEX_POINT('',#4193);
#1226=VERTEX_POINT('',#4195);
#1227=VERTEX_POINT('',#4202);
#1228=VERTEX_POINT('',#4204);
#1229=VERTEX_POINT('',#4209);
#1230=VERTEX_POINT('',#4211);
#1231=VERTEX_POINT('',#4216);
#1232=VERTEX_POINT('',#4218);
#1233=VERTEX_POINT('',#4223);
#1234=VERTEX_POINT('',#4225);
#1235=VERTEX_POINT('',#4230);
#1236=VERTEX_POINT('',#4232);
#1237=VERTEX_POINT('',#4237);
#1238=VERTEX_POINT('',#4239);
#1239=VERTEX_POINT('',#4244);
#1240=VERTEX_POINT('',#4246);
#1241=VERTEX_POINT('',#4251);
#1242=VERTEX_POINT('',#4253);
#1243=VERTEX_POINT('',#4258);
#1244=VERTEX_POINT('',#4260);
#1245=VERTEX_POINT('',#4265);
#1246=VERTEX_POINT('',#4267);
#1247=VERTEX_POINT('',#4272);
#1248=VERTEX_POINT('',#4274);
#1249=VERTEX_POINT('',#4279);
#1250=VERTEX_POINT('',#4281);
#1251=VERTEX_POINT('',#4286);
#1252=VERTEX_POINT('',#4288);
#1253=VERTEX_POINT('',#4293);
#1254=VERTEX_POINT('',#4295);
#1255=VERTEX_POINT('',#4300);
#1256=VERTEX_POINT('',#4302);
#1257=VERTEX_POINT('',#4307);
#1258=VERTEX_POINT('',#4309);
#1259=VERTEX_POINT('',#4314);
#1260=VERTEX_POINT('',#4316);
#1261=VERTEX_POINT('',#4321);
#1262=VERTEX_POINT('',#4323);
#1263=VERTEX_POINT('',#4328);
#1264=VERTEX_POINT('',#4330);
#1265=VERTEX_POINT('',#4335);
#1266=VERTEX_POINT('',#4337);
#1267=VERTEX_POINT('',#4342);
#1268=VERTEX_POINT('',#4344);
#1269=VERTEX_POINT('',#4349);
#1270=VERTEX_POINT('',#4351);
#1271=VERTEX_POINT('',#4356);
#1272=VERTEX_POINT('',#4358);
#1273=VERTEX_POINT('',#4363);
#1274=VERTEX_POINT('',#4365);
#1275=VERTEX_POINT('',#4370);
#1276=VERTEX_POINT('',#4372);
#1277=VERTEX_POINT('',#4377);
#1278=VERTEX_POINT('',#4379);
#1279=VERTEX_POINT('',#4384);
#1280=VERTEX_POINT('',#4386);
#1281=VERTEX_POINT('',#4391);
#1282=VERTEX_POINT('',#4393);
#1283=VERTEX_POINT('',#4398);
#1284=VERTEX_POINT('',#4400);
#1285=VERTEX_POINT('',#4405);
#1286=VERTEX_POINT('',#4407);
#1287=VERTEX_POINT('',#4412);
#1288=VERTEX_POINT('',#4414);
#1289=VERTEX_POINT('',#4419);
#1290=VERTEX_POINT('',#4421);
#1291=VERTEX_POINT('',#4426);
#1292=VERTEX_POINT('',#4428);
#1293=VERTEX_POINT('',#4433);
#1294=VERTEX_POINT('',#4435);
#1295=VERTEX_POINT('',#4440);
#1296=VERTEX_POINT('',#4442);
#1297=VERTEX_POINT('',#4447);
#1298=VERTEX_POINT('',#4449);
#1299=VERTEX_POINT('',#4454);
#1300=VERTEX_POINT('',#4456);
#1301=VERTEX_POINT('',#4461);
#1302=VERTEX_POINT('',#4463);
#1303=VERTEX_POINT('',#4468);
#1304=VERTEX_POINT('',#4470);
#1305=VERTEX_POINT('',#4475);
#1306=VERTEX_POINT('',#4477);
#1307=VERTEX_POINT('',#4482);
#1308=VERTEX_POINT('',#4484);
#1309=VERTEX_POINT('',#4489);
#1310=VERTEX_POINT('',#4491);
#1311=VERTEX_POINT('',#4496);
#1312=VERTEX_POINT('',#4498);
#1313=VERTEX_POINT('',#4503);
#1314=VERTEX_POINT('',#4505);
#1315=VERTEX_POINT('',#4510);
#1316=VERTEX_POINT('',#4512);
#1317=VERTEX_POINT('',#4517);
#1318=VERTEX_POINT('',#4519);
#1319=VERTEX_POINT('',#4524);
#1320=VERTEX_POINT('',#4526);
#1321=VERTEX_POINT('',#4531);
#1322=VERTEX_POINT('',#4533);
#1323=VERTEX_POINT('',#4538);
#1324=VERTEX_POINT('',#4539);
#1325=VERTEX_POINT('',#4544);
#1326=VERTEX_POINT('',#4548);
#1327=VERTEX_POINT('',#4549);
#1328=VERTEX_POINT('',#4556);
#1329=VERTEX_POINT('',#4557);
#1330=VERTEX_POINT('',#4564);
#1331=EDGE_CURVE('',#1115,#1115,#941,.T.);
#1332=EDGE_CURVE('',#1115,#1116,#637,.T.);
#1333=EDGE_CURVE('',#1116,#1116,#942,.T.);
#1334=EDGE_CURVE('',#1117,#1118,#943,.T.);
#1335=EDGE_CURVE('',#1118,#1119,#638,.T.);
#1336=EDGE_CURVE('',#1119,#1120,#944,.T.);
#1337=EDGE_CURVE('',#1120,#1117,#639,.T.);
#1338=EDGE_CURVE('',#1117,#1121,#640,.T.);
#1339=EDGE_CURVE('',#1122,#1121,#945,.T.);
#1340=EDGE_CURVE('',#1122,#1123,#641,.T.);
#1341=EDGE_CURVE('',#1123,#1124,#642,.T.);
#1342=EDGE_CURVE('',#1124,#1118,#643,.T.);
#1343=EDGE_CURVE('',#1125,#1126,#644,.T.);
#1344=EDGE_CURVE('',#1127,#1126,#946,.T.);
#1345=EDGE_CURVE('',#1127,#1128,#645,.T.);
#1346=EDGE_CURVE('',#1129,#1128,#947,.T.);
#1347=EDGE_CURVE('',#1129,#1130,#646,.T.);
#1348=EDGE_CURVE('',#1131,#1130,#948,.T.);
#1349=EDGE_CURVE('',#1131,#1132,#647,.T.);
#1350=EDGE_CURVE('',#1125,#1132,#949,.T.);
#1351=EDGE_CURVE('',#1120,#1133,#648,.T.);
#1352=EDGE_CURVE('',#1121,#1133,#649,.T.);
#1353=EDGE_CURVE('',#1133,#1134,#950,.T.);
#1354=EDGE_CURVE('',#1134,#1122,#650,.T.);
#1355=EDGE_CURVE('',#1135,#1136,#651,.T.);
#1356=EDGE_CURVE('',#1136,#1137,#951,.T.);
#1357=EDGE_CURVE('',#1137,#1138,#652,.T.);
#1358=EDGE_CURVE('',#1138,#1135,#21,.T.);
#1359=EDGE_CURVE('',#1138,#1139,#653,.T.);
#1360=EDGE_CURVE('',#1139,#1140,#952,.T.);
#1361=EDGE_CURVE('',#1140,#1135,#654,.T.);
#1362=EDGE_CURVE('',#1141,#1139,#953,.T.);
#1363=EDGE_CURVE('',#1139,#1142,#655,.T.);
#1364=EDGE_CURVE('',#1142,#1143,#954,.T.);
#1365=EDGE_CURVE('',#1143,#1141,#656,.T.);
#1366=EDGE_CURVE('',#1144,#1145,#657,.T.);
#1367=EDGE_CURVE('',#1145,#1146,#955,.T.);
#1368=EDGE_CURVE('',#1146,#1147,#658,.T.);
#1369=EDGE_CURVE('',#1147,#1144,#22,.T.);
#1370=EDGE_CURVE('',#1147,#1148,#659,.T.);
#1371=EDGE_CURVE('',#1148,#1142,#956,.T.);
#1372=EDGE_CURVE('',#1142,#1144,#660,.T.);
#1373=EDGE_CURVE('',#1148,#1143,#957,.T.);
#1374=EDGE_CURVE('',#1141,#1140,#958,.T.);
#1375=EDGE_CURVE('',#1141,#1149,#661,.T.);
#1376=EDGE_CURVE('',#1149,#1150,#959,.T.);
#1377=EDGE_CURVE('',#1150,#1140,#662,.T.);
#1378=EDGE_CURVE('',#1151,#1143,#663,.T.);
#1379=EDGE_CURVE('',#1149,#1151,#664,.T.);
#1380=EDGE_CURVE('',#1148,#1152,#665,.T.);
#1381=EDGE_CURVE('',#1152,#1151,#960,.T.);
#1382=EDGE_CURVE('',#1152,#1124,#666,.T.);
#1383=EDGE_CURVE('',#1146,#1119,#667,.T.);
#1384=EDGE_CURVE('',#1153,#1154,#961,.T.);
#1385=EDGE_CURVE('',#1154,#1155,#668,.T.);
#1386=EDGE_CURVE('',#1155,#1156,#962,.T.);
#1387=EDGE_CURVE('',#1156,#1153,#669,.T.);
#1388=EDGE_CURVE('',#1157,#1154,#670,.T.);
#1389=EDGE_CURVE('',#1157,#1158,#671,.T.);
#1390=EDGE_CURVE('',#1155,#1158,#672,.T.);
#1391=EDGE_CURVE('',#1159,#1160,#963,.T.);
#1392=EDGE_CURVE('',#1160,#1161,#673,.T.);
#1393=EDGE_CURVE('',#1161,#1162,#964,.T.);
#1394=EDGE_CURVE('',#1162,#1159,#674,.T.);
#1395=EDGE_CURVE('',#1161,#1156,#675,.T.);
#1396=EDGE_CURVE('',#1153,#1160,#676,.T.);
#1397=EDGE_CURVE('',#1138,#1144,#677,.T.);
#1398=EDGE_CURVE('',#1163,#1164,#965,.T.);
#1399=EDGE_CURVE('',#1164,#1165,#966,.T.);
#1400=EDGE_CURVE('',#1165,#1166,#967,.T.);
#1401=EDGE_CURVE('',#1166,#1163,#968,.T.);
#1402=EDGE_CURVE('',#1163,#1167,#678,.T.);
#1403=EDGE_CURVE('',#1168,#1167,#969,.T.);
#1404=EDGE_CURVE('',#1164,#1168,#679,.T.);
#1405=EDGE_CURVE('',#1166,#1169,#680,.T.);
#1406=EDGE_CURVE('',#1167,#1169,#970,.T.);
#1407=EDGE_CURVE('',#1165,#1170,#681,.T.);
#1408=EDGE_CURVE('',#1169,#1170,#971,.T.);
#1409=EDGE_CURVE('',#1170,#1168,#972,.T.);
#1410=EDGE_CURVE('',#1158,#1171,#682,.T.);
#1411=EDGE_CURVE('',#1172,#1157,#683,.T.);
#1412=EDGE_CURVE('',#1172,#1171,#684,.T.);
#1413=EDGE_CURVE('',#1171,#1162,#685,.T.);
#1414=EDGE_CURVE('',#1159,#1172,#686,.T.);
#1415=EDGE_CURVE('',#1173,#1174,#687,.T.);
#1416=EDGE_CURVE('',#1175,#1173,#688,.T.);
#1417=EDGE_CURVE('',#1175,#1176,#689,.T.);
#1418=EDGE_CURVE('',#1176,#1174,#690,.T.);
#1419=EDGE_CURVE('',#1174,#1177,#691,.T.);
#1420=EDGE_CURVE('',#1176,#1178,#692,.T.);
#1421=EDGE_CURVE('',#1178,#1177,#693,.T.);
#1422=EDGE_CURVE('',#1177,#1179,#694,.T.);
#1423=EDGE_CURVE('',#1178,#1180,#695,.T.);
#1424=EDGE_CURVE('',#1180,#1179,#696,.T.);
#1425=EDGE_CURVE('',#1179,#1173,#697,.T.);
#1426=EDGE_CURVE('',#1180,#1175,#698,.T.);
#1427=EDGE_CURVE('',#1181,#1182,#699,.T.);
#1428=EDGE_CURVE('',#1183,#1182,#700,.T.);
#1429=EDGE_CURVE('',#1184,#1183,#701,.T.);
#1430=EDGE_CURVE('',#1184,#1181,#702,.T.);
#1431=EDGE_CURVE('',#1185,#1186,#703,.T.);
#1432=EDGE_CURVE('',#1187,#1186,#704,.T.);
#1433=EDGE_CURVE('',#1188,#1187,#705,.T.);
#1434=EDGE_CURVE('',#1188,#1185,#706,.T.);
#1435=EDGE_CURVE('',#1187,#1184,#973,.T.);
#1436=EDGE_CURVE('',#1186,#1181,#974,.T.);
#1437=EDGE_CURVE('',#1189,#1189,#975,.T.);
#1438=EDGE_CURVE('',#1189,#1190,#707,.T.);
#1439=EDGE_CURVE('',#1190,#1190,#976,.T.);
#1440=EDGE_CURVE('',#1191,#1191,#977,.T.);
#1441=EDGE_CURVE('',#1191,#1192,#708,.T.);
#1442=EDGE_CURVE('',#1192,#1192,#978,.T.);
#1443=EDGE_CURVE('',#1193,#1193,#979,.T.);
#1444=EDGE_CURVE('',#1193,#1194,#709,.T.);
#1445=EDGE_CURVE('',#1194,#1194,#980,.T.);
#1446=EDGE_CURVE('',#1195,#1195,#981,.T.);
#1447=EDGE_CURVE('',#1195,#1196,#710,.T.);
#1448=EDGE_CURVE('',#1196,#1196,#982,.T.);
#1449=EDGE_CURVE('',#1197,#1197,#983,.T.);
#1450=EDGE_CURVE('',#1197,#1198,#711,.T.);
#1451=EDGE_CURVE('',#1198,#1198,#984,.T.);
#1452=EDGE_CURVE('',#1199,#1199,#985,.T.);
#1453=EDGE_CURVE('',#1199,#1200,#712,.T.);
#1454=EDGE_CURVE('',#1200,#1200,#986,.T.);
#1455=EDGE_CURVE('',#1201,#1201,#987,.T.);
#1456=EDGE_CURVE('',#1201,#1202,#713,.T.);
#1457=EDGE_CURVE('',#1202,#1202,#988,.T.);
#1458=EDGE_CURVE('',#1203,#1203,#989,.T.);
#1459=EDGE_CURVE('',#1203,#1204,#714,.T.);
#1460=EDGE_CURVE('',#1204,#1204,#990,.T.);
#1461=EDGE_CURVE('',#1205,#1205,#991,.T.);
#1462=EDGE_CURVE('',#1205,#1206,#715,.T.);
#1463=EDGE_CURVE('',#1206,#1206,#992,.T.);
#1464=EDGE_CURVE('',#1207,#1207,#993,.T.);
#1465=EDGE_CURVE('',#1207,#1208,#716,.T.);
#1466=EDGE_CURVE('',#1208,#1208,#994,.T.);
#1467=EDGE_CURVE('',#1209,#1209,#995,.T.);
#1468=EDGE_CURVE('',#1209,#1210,#717,.T.);
#1469=EDGE_CURVE('',#1210,#1210,#996,.T.);
#1470=EDGE_CURVE('',#1211,#1211,#997,.T.);
#1471=EDGE_CURVE('',#1211,#1212,#718,.T.);
#1472=EDGE_CURVE('',#1212,#1212,#998,.T.);
#1473=EDGE_CURVE('',#1182,#1185,#999,.T.);
#1474=EDGE_CURVE('',#1213,#1213,#1000,.T.);
#1475=EDGE_CURVE('',#1213,#1214,#719,.T.);
#1476=EDGE_CURVE('',#1214,#1214,#1001,.T.);
#1477=EDGE_CURVE('',#1215,#1215,#1002,.T.);
#1478=EDGE_CURVE('',#1215,#1216,#720,.T.);
#1479=EDGE_CURVE('',#1216,#1216,#1003,.T.);
#1480=EDGE_CURVE('',#1217,#1217,#1004,.T.);
#1481=EDGE_CURVE('',#1217,#1218,#721,.T.);
#1482=EDGE_CURVE('',#1218,#1218,#1005,.T.);
#1483=EDGE_CURVE('',#1219,#1219,#1006,.T.);
#1484=EDGE_CURVE('',#1219,#1220,#722,.T.);
#1485=EDGE_CURVE('',#1220,#1220,#1007,.T.);
#1486=EDGE_CURVE('',#1221,#1221,#1008,.T.);
#1487=EDGE_CURVE('',#1221,#1222,#723,.T.);
#1488=EDGE_CURVE('',#1222,#1222,#1009,.T.);
#1489=EDGE_CURVE('',#1223,#1223,#1010,.T.);
#1490=EDGE_CURVE('',#1223,#1224,#724,.T.);
#1491=EDGE_CURVE('',#1224,#1224,#1011,.T.);
#1492=EDGE_CURVE('',#1225,#1225,#1012,.T.);
#1493=EDGE_CURVE('',#1225,#1226,#725,.T.);
#1494=EDGE_CURVE('',#1226,#1226,#1013,.T.);
#1495=EDGE_CURVE('',#1183,#1188,#1014,.T.);
#1496=EDGE_CURVE('',#1227,#1227,#1015,.T.);
#1497=EDGE_CURVE('',#1227,#1228,#726,.T.);
#1498=EDGE_CURVE('',#1228,#1228,#1016,.T.);
#1499=EDGE_CURVE('',#1229,#1229,#1017,.T.);
#1500=EDGE_CURVE('',#1229,#1230,#727,.T.);
#1501=EDGE_CURVE('',#1230,#1230,#1018,.T.);
#1502=EDGE_CURVE('',#1231,#1231,#1019,.T.);
#1503=EDGE_CURVE('',#1231,#1232,#728,.T.);
#1504=EDGE_CURVE('',#1232,#1232,#1020,.T.);
#1505=EDGE_CURVE('',#1233,#1233,#1021,.T.);
#1506=EDGE_CURVE('',#1233,#1234,#729,.T.);
#1507=EDGE_CURVE('',#1234,#1234,#1022,.T.);
#1508=EDGE_CURVE('',#1235,#1235,#1023,.T.);
#1509=EDGE_CURVE('',#1235,#1236,#730,.T.);
#1510=EDGE_CURVE('',#1236,#1236,#1024,.T.);
#1511=EDGE_CURVE('',#1237,#1237,#1025,.T.);
#1512=EDGE_CURVE('',#1237,#1238,#731,.T.);
#1513=EDGE_CURVE('',#1238,#1238,#1026,.T.);
#1514=EDGE_CURVE('',#1239,#1239,#1027,.T.);
#1515=EDGE_CURVE('',#1239,#1240,#732,.T.);
#1516=EDGE_CURVE('',#1240,#1240,#1028,.T.);
#1517=EDGE_CURVE('',#1241,#1241,#1029,.T.);
#1518=EDGE_CURVE('',#1241,#1242,#733,.T.);
#1519=EDGE_CURVE('',#1242,#1242,#1030,.T.);
#1520=EDGE_CURVE('',#1243,#1243,#1031,.T.);
#1521=EDGE_CURVE('',#1243,#1244,#734,.T.);
#1522=EDGE_CURVE('',#1244,#1244,#1032,.T.);
#1523=EDGE_CURVE('',#1245,#1245,#1033,.T.);
#1524=EDGE_CURVE('',#1245,#1246,#735,.T.);
#1525=EDGE_CURVE('',#1246,#1246,#1034,.T.);
#1526=EDGE_CURVE('',#1247,#1247,#1035,.T.);
#1527=EDGE_CURVE('',#1247,#1248,#736,.T.);
#1528=EDGE_CURVE('',#1248,#1248,#1036,.T.);
#1529=EDGE_CURVE('',#1249,#1249,#1037,.T.);
#1530=EDGE_CURVE('',#1249,#1250,#737,.T.);
#1531=EDGE_CURVE('',#1250,#1250,#1038,.T.);
#1532=EDGE_CURVE('',#1251,#1251,#1039,.T.);
#1533=EDGE_CURVE('',#1251,#1252,#738,.T.);
#1534=EDGE_CURVE('',#1252,#1252,#1040,.T.);
#1535=EDGE_CURVE('',#1253,#1253,#1041,.T.);
#1536=EDGE_CURVE('',#1253,#1254,#739,.T.);
#1537=EDGE_CURVE('',#1254,#1254,#1042,.T.);
#1538=EDGE_CURVE('',#1255,#1255,#1043,.T.);
#1539=EDGE_CURVE('',#1255,#1256,#740,.T.);
#1540=EDGE_CURVE('',#1256,#1256,#1044,.T.);
#1541=EDGE_CURVE('',#1257,#1257,#1045,.T.);
#1542=EDGE_CURVE('',#1257,#1258,#741,.T.);
#1543=EDGE_CURVE('',#1258,#1258,#1046,.T.);
#1544=EDGE_CURVE('',#1259,#1259,#1047,.T.);
#1545=EDGE_CURVE('',#1259,#1260,#742,.T.);
#1546=EDGE_CURVE('',#1260,#1260,#1048,.T.);
#1547=EDGE_CURVE('',#1261,#1261,#1049,.T.);
#1548=EDGE_CURVE('',#1261,#1262,#743,.T.);
#1549=EDGE_CURVE('',#1262,#1262,#1050,.T.);
#1550=EDGE_CURVE('',#1263,#1263,#1051,.T.);
#1551=EDGE_CURVE('',#1263,#1264,#744,.T.);
#1552=EDGE_CURVE('',#1264,#1264,#1052,.T.);
#1553=EDGE_CURVE('',#1265,#1265,#1053,.T.);
#1554=EDGE_CURVE('',#1265,#1266,#745,.T.);
#1555=EDGE_CURVE('',#1266,#1266,#1054,.T.);
#1556=EDGE_CURVE('',#1267,#1267,#1055,.T.);
#1557=EDGE_CURVE('',#1267,#1268,#746,.T.);
#1558=EDGE_CURVE('',#1268,#1268,#1056,.T.);
#1559=EDGE_CURVE('',#1269,#1269,#1057,.T.);
#1560=EDGE_CURVE('',#1269,#1270,#747,.T.);
#1561=EDGE_CURVE('',#1270,#1270,#1058,.T.);
#1562=EDGE_CURVE('',#1271,#1271,#1059,.T.);
#1563=EDGE_CURVE('',#1271,#1272,#748,.T.);
#1564=EDGE_CURVE('',#1272,#1272,#1060,.T.);
#1565=EDGE_CURVE('',#1273,#1273,#1061,.T.);
#1566=EDGE_CURVE('',#1273,#1274,#749,.T.);
#1567=EDGE_CURVE('',#1274,#1274,#1062,.T.);
#1568=EDGE_CURVE('',#1275,#1275,#1063,.T.);
#1569=EDGE_CURVE('',#1275,#1276,#750,.T.);
#1570=EDGE_CURVE('',#1276,#1276,#1064,.T.);
#1571=EDGE_CURVE('',#1277,#1277,#1065,.T.);
#1572=EDGE_CURVE('',#1277,#1278,#751,.T.);
#1573=EDGE_CURVE('',#1278,#1278,#1066,.T.);
#1574=EDGE_CURVE('',#1279,#1279,#1067,.T.);
#1575=EDGE_CURVE('',#1279,#1280,#752,.T.);
#1576=EDGE_CURVE('',#1280,#1280,#1068,.T.);
#1577=EDGE_CURVE('',#1281,#1281,#1069,.T.);
#1578=EDGE_CURVE('',#1281,#1282,#753,.T.);
#1579=EDGE_CURVE('',#1282,#1282,#1070,.T.);
#1580=EDGE_CURVE('',#1283,#1283,#1071,.T.);
#1581=EDGE_CURVE('',#1283,#1284,#754,.T.);
#1582=EDGE_CURVE('',#1284,#1284,#1072,.T.);
#1583=EDGE_CURVE('',#1285,#1285,#1073,.T.);
#1584=EDGE_CURVE('',#1285,#1286,#755,.T.);
#1585=EDGE_CURVE('',#1286,#1286,#1074,.T.);
#1586=EDGE_CURVE('',#1287,#1287,#1075,.T.);
#1587=EDGE_CURVE('',#1287,#1288,#756,.T.);
#1588=EDGE_CURVE('',#1288,#1288,#1076,.T.);
#1589=EDGE_CURVE('',#1289,#1289,#1077,.T.);
#1590=EDGE_CURVE('',#1289,#1290,#757,.T.);
#1591=EDGE_CURVE('',#1290,#1290,#1078,.T.);
#1592=EDGE_CURVE('',#1291,#1291,#1079,.T.);
#1593=EDGE_CURVE('',#1291,#1292,#758,.T.);
#1594=EDGE_CURVE('',#1292,#1292,#1080,.T.);
#1595=EDGE_CURVE('',#1293,#1293,#1081,.T.);
#1596=EDGE_CURVE('',#1293,#1294,#759,.T.);
#1597=EDGE_CURVE('',#1294,#1294,#1082,.T.);
#1598=EDGE_CURVE('',#1295,#1295,#1083,.T.);
#1599=EDGE_CURVE('',#1295,#1296,#760,.T.);
#1600=EDGE_CURVE('',#1296,#1296,#1084,.T.);
#1601=EDGE_CURVE('',#1297,#1297,#1085,.T.);
#1602=EDGE_CURVE('',#1297,#1298,#761,.T.);
#1603=EDGE_CURVE('',#1298,#1298,#1086,.T.);
#1604=EDGE_CURVE('',#1299,#1299,#1087,.T.);
#1605=EDGE_CURVE('',#1299,#1300,#762,.T.);
#1606=EDGE_CURVE('',#1300,#1300,#1088,.T.);
#1607=EDGE_CURVE('',#1301,#1301,#1089,.T.);
#1608=EDGE_CURVE('',#1301,#1302,#763,.T.);
#1609=EDGE_CURVE('',#1302,#1302,#1090,.T.);
#1610=EDGE_CURVE('',#1303,#1303,#1091,.T.);
#1611=EDGE_CURVE('',#1303,#1304,#764,.T.);
#1612=EDGE_CURVE('',#1304,#1304,#1092,.T.);
#1613=EDGE_CURVE('',#1305,#1305,#1093,.T.);
#1614=EDGE_CURVE('',#1305,#1306,#765,.T.);
#1615=EDGE_CURVE('',#1306,#1306,#1094,.T.);
#1616=EDGE_CURVE('',#1307,#1307,#1095,.T.);
#1617=EDGE_CURVE('',#1307,#1308,#766,.T.);
#1618=EDGE_CURVE('',#1308,#1308,#1096,.T.);
#1619=EDGE_CURVE('',#1309,#1309,#1097,.T.);
#1620=EDGE_CURVE('',#1309,#1310,#767,.T.);
#1621=EDGE_CURVE('',#1310,#1310,#1098,.T.);
#1622=EDGE_CURVE('',#1311,#1311,#1099,.T.);
#1623=EDGE_CURVE('',#1311,#1312,#768,.T.);
#1624=EDGE_CURVE('',#1312,#1312,#1100,.T.);
#1625=EDGE_CURVE('',#1313,#1313,#1101,.T.);
#1626=EDGE_CURVE('',#1313,#1314,#769,.T.);
#1627=EDGE_CURVE('',#1314,#1314,#1102,.T.);
#1628=EDGE_CURVE('',#1315,#1315,#1103,.T.);
#1629=EDGE_CURVE('',#1315,#1316,#770,.T.);
#1630=EDGE_CURVE('',#1316,#1316,#1104,.T.);
#1631=EDGE_CURVE('',#1317,#1317,#1105,.T.);
#1632=EDGE_CURVE('',#1317,#1318,#771,.T.);
#1633=EDGE_CURVE('',#1318,#1318,#1106,.T.);
#1634=EDGE_CURVE('',#1319,#1319,#1107,.T.);
#1635=EDGE_CURVE('',#1319,#1320,#772,.T.);
#1636=EDGE_CURVE('',#1320,#1320,#1108,.T.);
#1637=EDGE_CURVE('',#1321,#1321,#1109,.T.);
#1638=EDGE_CURVE('',#1321,#1322,#773,.T.);
#1639=EDGE_CURVE('',#1322,#1322,#1110,.T.);
#1640=EDGE_CURVE('',#1323,#1324,#1111,.T.);
#1641=EDGE_CURVE('',#1323,#1125,#774,.T.);
#1642=EDGE_CURVE('',#1132,#1324,#775,.T.);
#1643=EDGE_CURVE('',#1325,#1131,#776,.T.);
#1644=EDGE_CURVE('',#1325,#1324,#777,.T.);
#1645=EDGE_CURVE('',#1326,#1327,#1112,.T.);
#1646=EDGE_CURVE('',#1326,#1127,#778,.T.);
#1647=EDGE_CURVE('',#1126,#1327,#779,.T.);
#1648=EDGE_CURVE('',#1323,#1327,#780,.T.);
#1649=EDGE_CURVE('',#1328,#1329,#1113,.T.);
#1650=EDGE_CURVE('',#1328,#1129,#781,.T.);
#1651=EDGE_CURVE('',#1128,#1329,#782,.T.);
#1652=EDGE_CURVE('',#1326,#1329,#783,.T.);
#1653=EDGE_CURVE('',#1325,#1330,#1114,.T.);
#1654=EDGE_CURVE('',#1130,#1330,#784,.T.);
#1655=EDGE_CURVE('',#1328,#1330,#785,.T.);
#1656=EDGE_CURVE('',#1123,#1150,#786,.T.);
#1657=EDGE_CURVE('',#1137,#1145,#787,.T.);
#1658=EDGE_CURVE('',#1134,#1136,#788,.T.);
#1659=ORIENTED_EDGE('',*,*,#1331,.F.);
#1660=ORIENTED_EDGE('',*,*,#1332,.T.);
#1661=ORIENTED_EDGE('',*,*,#1333,.T.);
#1662=ORIENTED_EDGE('',*,*,#1332,.F.);
#1663=ORIENTED_EDGE('',*,*,#1333,.F.);
#1664=ORIENTED_EDGE('',*,*,#1334,.T.);
#1665=ORIENTED_EDGE('',*,*,#1335,.T.);
#1666=ORIENTED_EDGE('',*,*,#1336,.T.);
#1667=ORIENTED_EDGE('',*,*,#1337,.T.);
#1668=ORIENTED_EDGE('',*,*,#1334,.F.);
#1669=ORIENTED_EDGE('',*,*,#1338,.T.);
#1670=ORIENTED_EDGE('',*,*,#1339,.F.);
#1671=ORIENTED_EDGE('',*,*,#1340,.T.);
#1672=ORIENTED_EDGE('',*,*,#1341,.T.);
#1673=ORIENTED_EDGE('',*,*,#1342,.T.);
#1674=ORIENTED_EDGE('',*,*,#1343,.T.);
#1675=ORIENTED_EDGE('',*,*,#1344,.F.);
#1676=ORIENTED_EDGE('',*,*,#1345,.T.);
#1677=ORIENTED_EDGE('',*,*,#1346,.F.);
#1678=ORIENTED_EDGE('',*,*,#1347,.T.);
#1679=ORIENTED_EDGE('',*,*,#1348,.F.);
#1680=ORIENTED_EDGE('',*,*,#1349,.T.);
#1681=ORIENTED_EDGE('',*,*,#1350,.F.);
#1682=ORIENTED_EDGE('',*,*,#1337,.F.);
#1683=ORIENTED_EDGE('',*,*,#1351,.T.);
#1684=ORIENTED_EDGE('',*,*,#1352,.F.);
#1685=ORIENTED_EDGE('',*,*,#1338,.F.);
#1686=ORIENTED_EDGE('',*,*,#1339,.T.);
#1687=ORIENTED_EDGE('',*,*,#1352,.T.);
#1688=ORIENTED_EDGE('',*,*,#1353,.T.);
#1689=ORIENTED_EDGE('',*,*,#1354,.T.);
#1690=ORIENTED_EDGE('',*,*,#1355,.T.);
#1691=ORIENTED_EDGE('',*,*,#1356,.T.);
#1692=ORIENTED_EDGE('',*,*,#1357,.T.);
#1693=ORIENTED_EDGE('',*,*,#1358,.T.);
#1694=ORIENTED_EDGE('',*,*,#1359,.T.);
#1695=ORIENTED_EDGE('',*,*,#1360,.T.);
#1696=ORIENTED_EDGE('',*,*,#1361,.T.);
#1697=ORIENTED_EDGE('',*,*,#1358,.F.);
#1698=ORIENTED_EDGE('',*,*,#1362,.T.);
#1699=ORIENTED_EDGE('',*,*,#1363,.T.);
#1700=ORIENTED_EDGE('',*,*,#1364,.T.);
#1701=ORIENTED_EDGE('',*,*,#1365,.T.);
#1702=ORIENTED_EDGE('',*,*,#1366,.T.);
#1703=ORIENTED_EDGE('',*,*,#1367,.T.);
#1704=ORIENTED_EDGE('',*,*,#1368,.T.);
#1705=ORIENTED_EDGE('',*,*,#1369,.T.);
#1706=ORIENTED_EDGE('',*,*,#1370,.T.);
#1707=ORIENTED_EDGE('',*,*,#1371,.T.);
#1708=ORIENTED_EDGE('',*,*,#1372,.T.);
#1709=ORIENTED_EDGE('',*,*,#1369,.F.);
#1710=ORIENTED_EDGE('',*,*,#1371,.F.);
#1711=ORIENTED_EDGE('',*,*,#1373,.T.);
#1712=ORIENTED_EDGE('',*,*,#1364,.F.);
#1713=ORIENTED_EDGE('',*,*,#1362,.F.);
#1714=ORIENTED_EDGE('',*,*,#1374,.T.);
#1715=ORIENTED_EDGE('',*,*,#1360,.F.);
#1716=ORIENTED_EDGE('',*,*,#1374,.F.);
#1717=ORIENTED_EDGE('',*,*,#1375,.T.);
#1718=ORIENTED_EDGE('',*,*,#1376,.T.);
#1719=ORIENTED_EDGE('',*,*,#1377,.T.);
#1720=ORIENTED_EDGE('',*,*,#1365,.F.);
#1721=ORIENTED_EDGE('',*,*,#1378,.F.);
#1722=ORIENTED_EDGE('',*,*,#1379,.F.);
#1723=ORIENTED_EDGE('',*,*,#1375,.F.);
#1724=ORIENTED_EDGE('',*,*,#1373,.F.);
#1725=ORIENTED_EDGE('',*,*,#1380,.T.);
#1726=ORIENTED_EDGE('',*,*,#1381,.T.);
#1727=ORIENTED_EDGE('',*,*,#1378,.T.);
#1728=ORIENTED_EDGE('',*,*,#1335,.F.);
#1729=ORIENTED_EDGE('',*,*,#1342,.F.);
#1730=ORIENTED_EDGE('',*,*,#1382,.F.);
#1731=ORIENTED_EDGE('',*,*,#1380,.F.);
#1732=ORIENTED_EDGE('',*,*,#1370,.F.);
#1733=ORIENTED_EDGE('',*,*,#1368,.F.);
#1734=ORIENTED_EDGE('',*,*,#1383,.T.);
#1735=ORIENTED_EDGE('',*,*,#1384,.T.);
#1736=ORIENTED_EDGE('',*,*,#1385,.T.);
#1737=ORIENTED_EDGE('',*,*,#1386,.T.);
#1738=ORIENTED_EDGE('',*,*,#1387,.T.);
#1739=ORIENTED_EDGE('',*,*,#1385,.F.);
#1740=ORIENTED_EDGE('',*,*,#1388,.F.);
#1741=ORIENTED_EDGE('',*,*,#1389,.T.);
#1742=ORIENTED_EDGE('',*,*,#1390,.F.);
#1743=ORIENTED_EDGE('',*,*,#1391,.T.);
#1744=ORIENTED_EDGE('',*,*,#1392,.T.);
#1745=ORIENTED_EDGE('',*,*,#1393,.T.);
#1746=ORIENTED_EDGE('',*,*,#1394,.T.);
#1747=ORIENTED_EDGE('',*,*,#1387,.F.);
#1748=ORIENTED_EDGE('',*,*,#1395,.F.);
#1749=ORIENTED_EDGE('',*,*,#1392,.F.);
#1750=ORIENTED_EDGE('',*,*,#1396,.F.);
#1751=ORIENTED_EDGE('',*,*,#1359,.F.);
#1752=ORIENTED_EDGE('',*,*,#1397,.T.);
#1753=ORIENTED_EDGE('',*,*,#1372,.F.);
#1754=ORIENTED_EDGE('',*,*,#1363,.F.);
#1755=ORIENTED_EDGE('',*,*,#1398,.T.);
#1756=ORIENTED_EDGE('',*,*,#1399,.T.);
#1757=ORIENTED_EDGE('',*,*,#1400,.T.);
#1758=ORIENTED_EDGE('',*,*,#1401,.T.);
#1759=ORIENTED_EDGE('',*,*,#1398,.F.);
#1760=ORIENTED_EDGE('',*,*,#1402,.T.);
#1761=ORIENTED_EDGE('',*,*,#1403,.F.);
#1762=ORIENTED_EDGE('',*,*,#1404,.F.);
#1763=ORIENTED_EDGE('',*,*,#1401,.F.);
#1764=ORIENTED_EDGE('',*,*,#1405,.T.);
#1765=ORIENTED_EDGE('',*,*,#1406,.F.);
#1766=ORIENTED_EDGE('',*,*,#1402,.F.);
#1767=ORIENTED_EDGE('',*,*,#1400,.F.);
#1768=ORIENTED_EDGE('',*,*,#1407,.T.);
#1769=ORIENTED_EDGE('',*,*,#1408,.F.);
#1770=ORIENTED_EDGE('',*,*,#1405,.F.);
#1771=ORIENTED_EDGE('',*,*,#1399,.F.);
#1772=ORIENTED_EDGE('',*,*,#1404,.T.);
#1773=ORIENTED_EDGE('',*,*,#1409,.F.);
#1774=ORIENTED_EDGE('',*,*,#1407,.F.);
#1775=ORIENTED_EDGE('',*,*,#1410,.F.);
#1776=ORIENTED_EDGE('',*,*,#1389,.F.);
#1777=ORIENTED_EDGE('',*,*,#1411,.F.);
#1778=ORIENTED_EDGE('',*,*,#1412,.T.);
#1779=ORIENTED_EDGE('',*,*,#1394,.F.);
#1780=ORIENTED_EDGE('',*,*,#1413,.F.);
#1781=ORIENTED_EDGE('',*,*,#1412,.F.);
#1782=ORIENTED_EDGE('',*,*,#1414,.F.);
#1783=ORIENTED_EDGE('',*,*,#1415,.F.);
#1784=ORIENTED_EDGE('',*,*,#1416,.F.);
#1785=ORIENTED_EDGE('',*,*,#1417,.T.);
#1786=ORIENTED_EDGE('',*,*,#1418,.T.);
#1787=ORIENTED_EDGE('',*,*,#1403,.T.);
#1788=ORIENTED_EDGE('',*,*,#1406,.T.);
#1789=ORIENTED_EDGE('',*,*,#1408,.T.);
#1790=ORIENTED_EDGE('',*,*,#1409,.T.);
#1791=ORIENTED_EDGE('',*,*,#1419,.F.);
#1792=ORIENTED_EDGE('',*,*,#1418,.F.);
#1793=ORIENTED_EDGE('',*,*,#1420,.T.);
#1794=ORIENTED_EDGE('',*,*,#1421,.T.);
#1795=ORIENTED_EDGE('',*,*,#1422,.F.);
#1796=ORIENTED_EDGE('',*,*,#1421,.F.);
#1797=ORIENTED_EDGE('',*,*,#1423,.T.);
#1798=ORIENTED_EDGE('',*,*,#1424,.T.);
#1799=ORIENTED_EDGE('',*,*,#1410,.T.);
#1800=ORIENTED_EDGE('',*,*,#1413,.T.);
#1801=ORIENTED_EDGE('',*,*,#1393,.F.);
#1802=ORIENTED_EDGE('',*,*,#1395,.T.);
#1803=ORIENTED_EDGE('',*,*,#1386,.F.);
#1804=ORIENTED_EDGE('',*,*,#1390,.T.);
#1805=ORIENTED_EDGE('',*,*,#1425,.F.);
#1806=ORIENTED_EDGE('',*,*,#1424,.F.);
#1807=ORIENTED_EDGE('',*,*,#1426,.T.);
#1808=ORIENTED_EDGE('',*,*,#1416,.T.);
#1809=ORIENTED_EDGE('',*,*,#1420,.F.);
#1810=ORIENTED_EDGE('',*,*,#1417,.F.);
#1811=ORIENTED_EDGE('',*,*,#1426,.F.);
#1812=ORIENTED_EDGE('',*,*,#1423,.F.);
#1813=ORIENTED_EDGE('',*,*,#1427,.T.);
#1814=ORIENTED_EDGE('',*,*,#1428,.F.);
#1815=ORIENTED_EDGE('',*,*,#1429,.F.);
#1816=ORIENTED_EDGE('',*,*,#1430,.T.);
#1817=ORIENTED_EDGE('',*,*,#1431,.T.);
#1818=ORIENTED_EDGE('',*,*,#1432,.F.);
#1819=ORIENTED_EDGE('',*,*,#1433,.F.);
#1820=ORIENTED_EDGE('',*,*,#1434,.T.);
#1821=ORIENTED_EDGE('',*,*,#1430,.F.);
#1822=ORIENTED_EDGE('',*,*,#1435,.F.);
#1823=ORIENTED_EDGE('',*,*,#1432,.T.);
#1824=ORIENTED_EDGE('',*,*,#1436,.T.);
#1825=ORIENTED_EDGE('',*,*,#1437,.T.);
#1826=ORIENTED_EDGE('',*,*,#1438,.T.);
#1827=ORIENTED_EDGE('',*,*,#1439,.F.);
#1828=ORIENTED_EDGE('',*,*,#1438,.F.);
#1829=ORIENTED_EDGE('',*,*,#1437,.F.);
#1830=ORIENTED_EDGE('',*,*,#1440,.T.);
#1831=ORIENTED_EDGE('',*,*,#1441,.T.);
#1832=ORIENTED_EDGE('',*,*,#1442,.F.);
#1833=ORIENTED_EDGE('',*,*,#1441,.F.);
#1834=ORIENTED_EDGE('',*,*,#1440,.F.);
#1835=ORIENTED_EDGE('',*,*,#1443,.T.);
#1836=ORIENTED_EDGE('',*,*,#1444,.T.);
#1837=ORIENTED_EDGE('',*,*,#1445,.F.);
#1838=ORIENTED_EDGE('',*,*,#1444,.F.);
#1839=ORIENTED_EDGE('',*,*,#1443,.F.);
#1840=ORIENTED_EDGE('',*,*,#1446,.T.);
#1841=ORIENTED_EDGE('',*,*,#1447,.T.);
#1842=ORIENTED_EDGE('',*,*,#1448,.F.);
#1843=ORIENTED_EDGE('',*,*,#1447,.F.);
#1844=ORIENTED_EDGE('',*,*,#1446,.F.);
#1845=ORIENTED_EDGE('',*,*,#1449,.T.);
#1846=ORIENTED_EDGE('',*,*,#1450,.T.);
#1847=ORIENTED_EDGE('',*,*,#1451,.F.);
#1848=ORIENTED_EDGE('',*,*,#1450,.F.);
#1849=ORIENTED_EDGE('',*,*,#1449,.F.);
#1850=ORIENTED_EDGE('',*,*,#1452,.T.);
#1851=ORIENTED_EDGE('',*,*,#1453,.T.);
#1852=ORIENTED_EDGE('',*,*,#1454,.F.);
#1853=ORIENTED_EDGE('',*,*,#1453,.F.);
#1854=ORIENTED_EDGE('',*,*,#1452,.F.);
#1855=ORIENTED_EDGE('',*,*,#1455,.T.);
#1856=ORIENTED_EDGE('',*,*,#1456,.T.);
#1857=ORIENTED_EDGE('',*,*,#1457,.F.);
#1858=ORIENTED_EDGE('',*,*,#1456,.F.);
#1859=ORIENTED_EDGE('',*,*,#1455,.F.);
#1860=ORIENTED_EDGE('',*,*,#1458,.T.);
#1861=ORIENTED_EDGE('',*,*,#1459,.T.);
#1862=ORIENTED_EDGE('',*,*,#1460,.F.);
#1863=ORIENTED_EDGE('',*,*,#1459,.F.);
#1864=ORIENTED_EDGE('',*,*,#1458,.F.);
#1865=ORIENTED_EDGE('',*,*,#1461,.T.);
#1866=ORIENTED_EDGE('',*,*,#1462,.T.);
#1867=ORIENTED_EDGE('',*,*,#1463,.F.);
#1868=ORIENTED_EDGE('',*,*,#1462,.F.);
#1869=ORIENTED_EDGE('',*,*,#1461,.F.);
#1870=ORIENTED_EDGE('',*,*,#1464,.T.);
#1871=ORIENTED_EDGE('',*,*,#1465,.T.);
#1872=ORIENTED_EDGE('',*,*,#1466,.F.);
#1873=ORIENTED_EDGE('',*,*,#1465,.F.);
#1874=ORIENTED_EDGE('',*,*,#1464,.F.);
#1875=ORIENTED_EDGE('',*,*,#1467,.T.);
#1876=ORIENTED_EDGE('',*,*,#1468,.T.);
#1877=ORIENTED_EDGE('',*,*,#1469,.F.);
#1878=ORIENTED_EDGE('',*,*,#1468,.F.);
#1879=ORIENTED_EDGE('',*,*,#1467,.F.);
#1880=ORIENTED_EDGE('',*,*,#1470,.T.);
#1881=ORIENTED_EDGE('',*,*,#1471,.T.);
#1882=ORIENTED_EDGE('',*,*,#1472,.F.);
#1883=ORIENTED_EDGE('',*,*,#1471,.F.);
#1884=ORIENTED_EDGE('',*,*,#1470,.F.);
#1885=ORIENTED_EDGE('',*,*,#1436,.F.);
#1886=ORIENTED_EDGE('',*,*,#1431,.F.);
#1887=ORIENTED_EDGE('',*,*,#1473,.F.);
#1888=ORIENTED_EDGE('',*,*,#1427,.F.);
#1889=ORIENTED_EDGE('',*,*,#1474,.T.);
#1890=ORIENTED_EDGE('',*,*,#1475,.T.);
#1891=ORIENTED_EDGE('',*,*,#1476,.F.);
#1892=ORIENTED_EDGE('',*,*,#1475,.F.);
#1893=ORIENTED_EDGE('',*,*,#1474,.F.);
#1894=ORIENTED_EDGE('',*,*,#1477,.T.);
#1895=ORIENTED_EDGE('',*,*,#1478,.T.);
#1896=ORIENTED_EDGE('',*,*,#1479,.F.);
#1897=ORIENTED_EDGE('',*,*,#1478,.F.);
#1898=ORIENTED_EDGE('',*,*,#1477,.F.);
#1899=ORIENTED_EDGE('',*,*,#1480,.T.);
#1900=ORIENTED_EDGE('',*,*,#1481,.T.);
#1901=ORIENTED_EDGE('',*,*,#1482,.F.);
#1902=ORIENTED_EDGE('',*,*,#1481,.F.);
#1903=ORIENTED_EDGE('',*,*,#1480,.F.);
#1904=ORIENTED_EDGE('',*,*,#1483,.T.);
#1905=ORIENTED_EDGE('',*,*,#1484,.T.);
#1906=ORIENTED_EDGE('',*,*,#1485,.F.);
#1907=ORIENTED_EDGE('',*,*,#1484,.F.);
#1908=ORIENTED_EDGE('',*,*,#1483,.F.);
#1909=ORIENTED_EDGE('',*,*,#1486,.T.);
#1910=ORIENTED_EDGE('',*,*,#1487,.T.);
#1911=ORIENTED_EDGE('',*,*,#1488,.F.);
#1912=ORIENTED_EDGE('',*,*,#1487,.F.);
#1913=ORIENTED_EDGE('',*,*,#1486,.F.);
#1914=ORIENTED_EDGE('',*,*,#1489,.T.);
#1915=ORIENTED_EDGE('',*,*,#1490,.T.);
#1916=ORIENTED_EDGE('',*,*,#1491,.F.);
#1917=ORIENTED_EDGE('',*,*,#1490,.F.);
#1918=ORIENTED_EDGE('',*,*,#1489,.F.);
#1919=ORIENTED_EDGE('',*,*,#1492,.T.);
#1920=ORIENTED_EDGE('',*,*,#1493,.T.);
#1921=ORIENTED_EDGE('',*,*,#1494,.F.);
#1922=ORIENTED_EDGE('',*,*,#1493,.F.);
#1923=ORIENTED_EDGE('',*,*,#1492,.F.);
#1924=ORIENTED_EDGE('',*,*,#1428,.T.);
#1925=ORIENTED_EDGE('',*,*,#1473,.T.);
#1926=ORIENTED_EDGE('',*,*,#1434,.F.);
#1927=ORIENTED_EDGE('',*,*,#1495,.F.);
#1928=ORIENTED_EDGE('',*,*,#1496,.T.);
#1929=ORIENTED_EDGE('',*,*,#1497,.T.);
#1930=ORIENTED_EDGE('',*,*,#1498,.F.);
#1931=ORIENTED_EDGE('',*,*,#1497,.F.);
#1932=ORIENTED_EDGE('',*,*,#1496,.F.);
#1933=ORIENTED_EDGE('',*,*,#1499,.T.);
#1934=ORIENTED_EDGE('',*,*,#1500,.T.);
#1935=ORIENTED_EDGE('',*,*,#1501,.F.);
#1936=ORIENTED_EDGE('',*,*,#1500,.F.);
#1937=ORIENTED_EDGE('',*,*,#1499,.F.);
#1938=ORIENTED_EDGE('',*,*,#1502,.T.);
#1939=ORIENTED_EDGE('',*,*,#1503,.T.);
#1940=ORIENTED_EDGE('',*,*,#1504,.F.);
#1941=ORIENTED_EDGE('',*,*,#1503,.F.);
#1942=ORIENTED_EDGE('',*,*,#1502,.F.);
#1943=ORIENTED_EDGE('',*,*,#1505,.T.);
#1944=ORIENTED_EDGE('',*,*,#1506,.T.);
#1945=ORIENTED_EDGE('',*,*,#1507,.F.);
#1946=ORIENTED_EDGE('',*,*,#1506,.F.);
#1947=ORIENTED_EDGE('',*,*,#1505,.F.);
#1948=ORIENTED_EDGE('',*,*,#1508,.T.);
#1949=ORIENTED_EDGE('',*,*,#1509,.T.);
#1950=ORIENTED_EDGE('',*,*,#1510,.F.);
#1951=ORIENTED_EDGE('',*,*,#1509,.F.);
#1952=ORIENTED_EDGE('',*,*,#1508,.F.);
#1953=ORIENTED_EDGE('',*,*,#1511,.T.);
#1954=ORIENTED_EDGE('',*,*,#1512,.T.);
#1955=ORIENTED_EDGE('',*,*,#1513,.F.);
#1956=ORIENTED_EDGE('',*,*,#1512,.F.);
#1957=ORIENTED_EDGE('',*,*,#1511,.F.);
#1958=ORIENTED_EDGE('',*,*,#1514,.T.);
#1959=ORIENTED_EDGE('',*,*,#1515,.T.);
#1960=ORIENTED_EDGE('',*,*,#1516,.F.);
#1961=ORIENTED_EDGE('',*,*,#1515,.F.);
#1962=ORIENTED_EDGE('',*,*,#1514,.F.);
#1963=ORIENTED_EDGE('',*,*,#1517,.T.);
#1964=ORIENTED_EDGE('',*,*,#1518,.T.);
#1965=ORIENTED_EDGE('',*,*,#1519,.F.);
#1966=ORIENTED_EDGE('',*,*,#1518,.F.);
#1967=ORIENTED_EDGE('',*,*,#1517,.F.);
#1968=ORIENTED_EDGE('',*,*,#1520,.T.);
#1969=ORIENTED_EDGE('',*,*,#1521,.T.);
#1970=ORIENTED_EDGE('',*,*,#1522,.F.);
#1971=ORIENTED_EDGE('',*,*,#1521,.F.);
#1972=ORIENTED_EDGE('',*,*,#1520,.F.);
#1973=ORIENTED_EDGE('',*,*,#1523,.T.);
#1974=ORIENTED_EDGE('',*,*,#1524,.T.);
#1975=ORIENTED_EDGE('',*,*,#1525,.F.);
#1976=ORIENTED_EDGE('',*,*,#1524,.F.);
#1977=ORIENTED_EDGE('',*,*,#1523,.F.);
#1978=ORIENTED_EDGE('',*,*,#1526,.T.);
#1979=ORIENTED_EDGE('',*,*,#1527,.T.);
#1980=ORIENTED_EDGE('',*,*,#1528,.F.);
#1981=ORIENTED_EDGE('',*,*,#1527,.F.);
#1982=ORIENTED_EDGE('',*,*,#1526,.F.);
#1983=ORIENTED_EDGE('',*,*,#1529,.T.);
#1984=ORIENTED_EDGE('',*,*,#1530,.T.);
#1985=ORIENTED_EDGE('',*,*,#1531,.F.);
#1986=ORIENTED_EDGE('',*,*,#1530,.F.);
#1987=ORIENTED_EDGE('',*,*,#1529,.F.);
#1988=ORIENTED_EDGE('',*,*,#1532,.T.);
#1989=ORIENTED_EDGE('',*,*,#1533,.T.);
#1990=ORIENTED_EDGE('',*,*,#1534,.F.);
#1991=ORIENTED_EDGE('',*,*,#1533,.F.);
#1992=ORIENTED_EDGE('',*,*,#1532,.F.);
#1993=ORIENTED_EDGE('',*,*,#1535,.T.);
#1994=ORIENTED_EDGE('',*,*,#1536,.T.);
#1995=ORIENTED_EDGE('',*,*,#1537,.F.);
#1996=ORIENTED_EDGE('',*,*,#1536,.F.);
#1997=ORIENTED_EDGE('',*,*,#1535,.F.);
#1998=ORIENTED_EDGE('',*,*,#1538,.T.);
#1999=ORIENTED_EDGE('',*,*,#1539,.T.);
#2000=ORIENTED_EDGE('',*,*,#1540,.F.);
#2001=ORIENTED_EDGE('',*,*,#1539,.F.);
#2002=ORIENTED_EDGE('',*,*,#1538,.F.);
#2003=ORIENTED_EDGE('',*,*,#1541,.T.);
#2004=ORIENTED_EDGE('',*,*,#1542,.T.);
#2005=ORIENTED_EDGE('',*,*,#1543,.F.);
#2006=ORIENTED_EDGE('',*,*,#1542,.F.);
#2007=ORIENTED_EDGE('',*,*,#1541,.F.);
#2008=ORIENTED_EDGE('',*,*,#1544,.T.);
#2009=ORIENTED_EDGE('',*,*,#1545,.T.);
#2010=ORIENTED_EDGE('',*,*,#1546,.F.);
#2011=ORIENTED_EDGE('',*,*,#1545,.F.);
#2012=ORIENTED_EDGE('',*,*,#1544,.F.);
#2013=ORIENTED_EDGE('',*,*,#1547,.T.);
#2014=ORIENTED_EDGE('',*,*,#1548,.T.);
#2015=ORIENTED_EDGE('',*,*,#1549,.F.);
#2016=ORIENTED_EDGE('',*,*,#1548,.F.);
#2017=ORIENTED_EDGE('',*,*,#1547,.F.);
#2018=ORIENTED_EDGE('',*,*,#1550,.T.);
#2019=ORIENTED_EDGE('',*,*,#1551,.T.);
#2020=ORIENTED_EDGE('',*,*,#1552,.F.);
#2021=ORIENTED_EDGE('',*,*,#1551,.F.);
#2022=ORIENTED_EDGE('',*,*,#1550,.F.);
#2023=ORIENTED_EDGE('',*,*,#1553,.T.);
#2024=ORIENTED_EDGE('',*,*,#1554,.T.);
#2025=ORIENTED_EDGE('',*,*,#1555,.F.);
#2026=ORIENTED_EDGE('',*,*,#1554,.F.);
#2027=ORIENTED_EDGE('',*,*,#1553,.F.);
#2028=ORIENTED_EDGE('',*,*,#1556,.T.);
#2029=ORIENTED_EDGE('',*,*,#1557,.T.);
#2030=ORIENTED_EDGE('',*,*,#1558,.F.);
#2031=ORIENTED_EDGE('',*,*,#1557,.F.);
#2032=ORIENTED_EDGE('',*,*,#1556,.F.);
#2033=ORIENTED_EDGE('',*,*,#1559,.T.);
#2034=ORIENTED_EDGE('',*,*,#1560,.T.);
#2035=ORIENTED_EDGE('',*,*,#1561,.F.);
#2036=ORIENTED_EDGE('',*,*,#1560,.F.);
#2037=ORIENTED_EDGE('',*,*,#1559,.F.);
#2038=ORIENTED_EDGE('',*,*,#1562,.T.);
#2039=ORIENTED_EDGE('',*,*,#1563,.T.);
#2040=ORIENTED_EDGE('',*,*,#1564,.F.);
#2041=ORIENTED_EDGE('',*,*,#1563,.F.);
#2042=ORIENTED_EDGE('',*,*,#1562,.F.);
#2043=ORIENTED_EDGE('',*,*,#1565,.T.);
#2044=ORIENTED_EDGE('',*,*,#1566,.T.);
#2045=ORIENTED_EDGE('',*,*,#1567,.F.);
#2046=ORIENTED_EDGE('',*,*,#1566,.F.);
#2047=ORIENTED_EDGE('',*,*,#1565,.F.);
#2048=ORIENTED_EDGE('',*,*,#1568,.T.);
#2049=ORIENTED_EDGE('',*,*,#1569,.T.);
#2050=ORIENTED_EDGE('',*,*,#1570,.F.);
#2051=ORIENTED_EDGE('',*,*,#1569,.F.);
#2052=ORIENTED_EDGE('',*,*,#1568,.F.);
#2053=ORIENTED_EDGE('',*,*,#1571,.T.);
#2054=ORIENTED_EDGE('',*,*,#1572,.T.);
#2055=ORIENTED_EDGE('',*,*,#1573,.F.);
#2056=ORIENTED_EDGE('',*,*,#1572,.F.);
#2057=ORIENTED_EDGE('',*,*,#1571,.F.);
#2058=ORIENTED_EDGE('',*,*,#1574,.T.);
#2059=ORIENTED_EDGE('',*,*,#1575,.T.);
#2060=ORIENTED_EDGE('',*,*,#1576,.F.);
#2061=ORIENTED_EDGE('',*,*,#1575,.F.);
#2062=ORIENTED_EDGE('',*,*,#1574,.F.);
#2063=ORIENTED_EDGE('',*,*,#1577,.T.);
#2064=ORIENTED_EDGE('',*,*,#1578,.T.);
#2065=ORIENTED_EDGE('',*,*,#1579,.F.);
#2066=ORIENTED_EDGE('',*,*,#1578,.F.);
#2067=ORIENTED_EDGE('',*,*,#1577,.F.);
#2068=ORIENTED_EDGE('',*,*,#1580,.T.);
#2069=ORIENTED_EDGE('',*,*,#1581,.T.);
#2070=ORIENTED_EDGE('',*,*,#1582,.F.);
#2071=ORIENTED_EDGE('',*,*,#1581,.F.);
#2072=ORIENTED_EDGE('',*,*,#1580,.F.);
#2073=ORIENTED_EDGE('',*,*,#1583,.T.);
#2074=ORIENTED_EDGE('',*,*,#1584,.T.);
#2075=ORIENTED_EDGE('',*,*,#1585,.F.);
#2076=ORIENTED_EDGE('',*,*,#1584,.F.);
#2077=ORIENTED_EDGE('',*,*,#1583,.F.);
#2078=ORIENTED_EDGE('',*,*,#1586,.T.);
#2079=ORIENTED_EDGE('',*,*,#1587,.T.);
#2080=ORIENTED_EDGE('',*,*,#1588,.F.);
#2081=ORIENTED_EDGE('',*,*,#1587,.F.);
#2082=ORIENTED_EDGE('',*,*,#1586,.F.);
#2083=ORIENTED_EDGE('',*,*,#1589,.T.);
#2084=ORIENTED_EDGE('',*,*,#1590,.T.);
#2085=ORIENTED_EDGE('',*,*,#1591,.F.);
#2086=ORIENTED_EDGE('',*,*,#1590,.F.);
#2087=ORIENTED_EDGE('',*,*,#1589,.F.);
#2088=ORIENTED_EDGE('',*,*,#1592,.T.);
#2089=ORIENTED_EDGE('',*,*,#1593,.T.);
#2090=ORIENTED_EDGE('',*,*,#1594,.F.);
#2091=ORIENTED_EDGE('',*,*,#1593,.F.);
#2092=ORIENTED_EDGE('',*,*,#1592,.F.);
#2093=ORIENTED_EDGE('',*,*,#1595,.T.);
#2094=ORIENTED_EDGE('',*,*,#1596,.T.);
#2095=ORIENTED_EDGE('',*,*,#1597,.F.);
#2096=ORIENTED_EDGE('',*,*,#1596,.F.);
#2097=ORIENTED_EDGE('',*,*,#1595,.F.);
#2098=ORIENTED_EDGE('',*,*,#1598,.T.);
#2099=ORIENTED_EDGE('',*,*,#1599,.T.);
#2100=ORIENTED_EDGE('',*,*,#1600,.F.);
#2101=ORIENTED_EDGE('',*,*,#1599,.F.);
#2102=ORIENTED_EDGE('',*,*,#1598,.F.);
#2103=ORIENTED_EDGE('',*,*,#1601,.T.);
#2104=ORIENTED_EDGE('',*,*,#1602,.T.);
#2105=ORIENTED_EDGE('',*,*,#1603,.F.);
#2106=ORIENTED_EDGE('',*,*,#1602,.F.);
#2107=ORIENTED_EDGE('',*,*,#1601,.F.);
#2108=ORIENTED_EDGE('',*,*,#1604,.T.);
#2109=ORIENTED_EDGE('',*,*,#1605,.T.);
#2110=ORIENTED_EDGE('',*,*,#1606,.F.);
#2111=ORIENTED_EDGE('',*,*,#1605,.F.);
#2112=ORIENTED_EDGE('',*,*,#1604,.F.);
#2113=ORIENTED_EDGE('',*,*,#1607,.T.);
#2114=ORIENTED_EDGE('',*,*,#1608,.T.);
#2115=ORIENTED_EDGE('',*,*,#1609,.F.);
#2116=ORIENTED_EDGE('',*,*,#1608,.F.);
#2117=ORIENTED_EDGE('',*,*,#1607,.F.);
#2118=ORIENTED_EDGE('',*,*,#1610,.T.);
#2119=ORIENTED_EDGE('',*,*,#1611,.T.);
#2120=ORIENTED_EDGE('',*,*,#1612,.F.);
#2121=ORIENTED_EDGE('',*,*,#1611,.F.);
#2122=ORIENTED_EDGE('',*,*,#1610,.F.);
#2123=ORIENTED_EDGE('',*,*,#1613,.T.);
#2124=ORIENTED_EDGE('',*,*,#1614,.T.);
#2125=ORIENTED_EDGE('',*,*,#1615,.F.);
#2126=ORIENTED_EDGE('',*,*,#1614,.F.);
#2127=ORIENTED_EDGE('',*,*,#1613,.F.);
#2128=ORIENTED_EDGE('',*,*,#1616,.T.);
#2129=ORIENTED_EDGE('',*,*,#1617,.T.);
#2130=ORIENTED_EDGE('',*,*,#1618,.F.);
#2131=ORIENTED_EDGE('',*,*,#1617,.F.);
#2132=ORIENTED_EDGE('',*,*,#1616,.F.);
#2133=ORIENTED_EDGE('',*,*,#1619,.T.);
#2134=ORIENTED_EDGE('',*,*,#1620,.T.);
#2135=ORIENTED_EDGE('',*,*,#1621,.F.);
#2136=ORIENTED_EDGE('',*,*,#1620,.F.);
#2137=ORIENTED_EDGE('',*,*,#1619,.F.);
#2138=ORIENTED_EDGE('',*,*,#1622,.T.);
#2139=ORIENTED_EDGE('',*,*,#1623,.T.);
#2140=ORIENTED_EDGE('',*,*,#1624,.F.);
#2141=ORIENTED_EDGE('',*,*,#1623,.F.);
#2142=ORIENTED_EDGE('',*,*,#1622,.F.);
#2143=ORIENTED_EDGE('',*,*,#1625,.T.);
#2144=ORIENTED_EDGE('',*,*,#1626,.T.);
#2145=ORIENTED_EDGE('',*,*,#1627,.F.);
#2146=ORIENTED_EDGE('',*,*,#1626,.F.);
#2147=ORIENTED_EDGE('',*,*,#1625,.F.);
#2148=ORIENTED_EDGE('',*,*,#1628,.T.);
#2149=ORIENTED_EDGE('',*,*,#1629,.T.);
#2150=ORIENTED_EDGE('',*,*,#1630,.F.);
#2151=ORIENTED_EDGE('',*,*,#1629,.F.);
#2152=ORIENTED_EDGE('',*,*,#1628,.F.);
#2153=ORIENTED_EDGE('',*,*,#1631,.T.);
#2154=ORIENTED_EDGE('',*,*,#1632,.T.);
#2155=ORIENTED_EDGE('',*,*,#1633,.F.);
#2156=ORIENTED_EDGE('',*,*,#1632,.F.);
#2157=ORIENTED_EDGE('',*,*,#1631,.F.);
#2158=ORIENTED_EDGE('',*,*,#1634,.T.);
#2159=ORIENTED_EDGE('',*,*,#1635,.T.);
#2160=ORIENTED_EDGE('',*,*,#1636,.F.);
#2161=ORIENTED_EDGE('',*,*,#1635,.F.);
#2162=ORIENTED_EDGE('',*,*,#1634,.F.);
#2163=ORIENTED_EDGE('',*,*,#1637,.T.);
#2164=ORIENTED_EDGE('',*,*,#1638,.T.);
#2165=ORIENTED_EDGE('',*,*,#1639,.F.);
#2166=ORIENTED_EDGE('',*,*,#1638,.F.);
#2167=ORIENTED_EDGE('',*,*,#1637,.F.);
#2168=ORIENTED_EDGE('',*,*,#1640,.F.);
#2169=ORIENTED_EDGE('',*,*,#1641,.T.);
#2170=ORIENTED_EDGE('',*,*,#1350,.T.);
#2171=ORIENTED_EDGE('',*,*,#1642,.T.);
#2172=ORIENTED_EDGE('',*,*,#1642,.F.);
#2173=ORIENTED_EDGE('',*,*,#1349,.F.);
#2174=ORIENTED_EDGE('',*,*,#1643,.F.);
#2175=ORIENTED_EDGE('',*,*,#1644,.T.);
#2176=ORIENTED_EDGE('',*,*,#1645,.F.);
#2177=ORIENTED_EDGE('',*,*,#1646,.T.);
#2178=ORIENTED_EDGE('',*,*,#1344,.T.);
#2179=ORIENTED_EDGE('',*,*,#1647,.T.);
#2180=ORIENTED_EDGE('',*,*,#1641,.F.);
#2181=ORIENTED_EDGE('',*,*,#1648,.T.);
#2182=ORIENTED_EDGE('',*,*,#1647,.F.);
#2183=ORIENTED_EDGE('',*,*,#1343,.F.);
#2184=ORIENTED_EDGE('',*,*,#1649,.F.);
#2185=ORIENTED_EDGE('',*,*,#1650,.T.);
#2186=ORIENTED_EDGE('',*,*,#1346,.T.);
#2187=ORIENTED_EDGE('',*,*,#1651,.T.);
#2188=ORIENTED_EDGE('',*,*,#1646,.F.);
#2189=ORIENTED_EDGE('',*,*,#1652,.T.);
#2190=ORIENTED_EDGE('',*,*,#1651,.F.);
#2191=ORIENTED_EDGE('',*,*,#1345,.F.);
#2192=ORIENTED_EDGE('',*,*,#1653,.F.);
#2193=ORIENTED_EDGE('',*,*,#1643,.T.);
#2194=ORIENTED_EDGE('',*,*,#1348,.T.);
#2195=ORIENTED_EDGE('',*,*,#1654,.T.);
#2196=ORIENTED_EDGE('',*,*,#1650,.F.);
#2197=ORIENTED_EDGE('',*,*,#1655,.T.);
#2198=ORIENTED_EDGE('',*,*,#1654,.F.);
#2199=ORIENTED_EDGE('',*,*,#1347,.F.);
#2200=ORIENTED_EDGE('',*,*,#1640,.T.);
#2201=ORIENTED_EDGE('',*,*,#1644,.F.);
#2202=ORIENTED_EDGE('',*,*,#1653,.T.);
#2203=ORIENTED_EDGE('',*,*,#1655,.F.);
#2204=ORIENTED_EDGE('',*,*,#1649,.T.);
#2205=ORIENTED_EDGE('',*,*,#1652,.F.);
#2206=ORIENTED_EDGE('',*,*,#1645,.T.);
#2207=ORIENTED_EDGE('',*,*,#1648,.F.);
#2208=ORIENTED_EDGE('',*,*,#1439,.T.);
#2209=ORIENTED_EDGE('',*,*,#1442,.T.);
#2210=ORIENTED_EDGE('',*,*,#1445,.T.);
#2211=ORIENTED_EDGE('',*,*,#1448,.T.);
#2212=ORIENTED_EDGE('',*,*,#1451,.T.);
#2213=ORIENTED_EDGE('',*,*,#1454,.T.);
#2214=ORIENTED_EDGE('',*,*,#1457,.T.);
#2215=ORIENTED_EDGE('',*,*,#1460,.T.);
#2216=ORIENTED_EDGE('',*,*,#1463,.T.);
#2217=ORIENTED_EDGE('',*,*,#1466,.T.);
#2218=ORIENTED_EDGE('',*,*,#1469,.T.);
#2219=ORIENTED_EDGE('',*,*,#1472,.T.);
#2220=ORIENTED_EDGE('',*,*,#1476,.T.);
#2221=ORIENTED_EDGE('',*,*,#1479,.T.);
#2222=ORIENTED_EDGE('',*,*,#1482,.T.);
#2223=ORIENTED_EDGE('',*,*,#1485,.T.);
#2224=ORIENTED_EDGE('',*,*,#1488,.T.);
#2225=ORIENTED_EDGE('',*,*,#1491,.T.);
#2226=ORIENTED_EDGE('',*,*,#1494,.T.);
#2227=ORIENTED_EDGE('',*,*,#1498,.T.);
#2228=ORIENTED_EDGE('',*,*,#1501,.T.);
#2229=ORIENTED_EDGE('',*,*,#1504,.T.);
#2230=ORIENTED_EDGE('',*,*,#1507,.T.);
#2231=ORIENTED_EDGE('',*,*,#1510,.T.);
#2232=ORIENTED_EDGE('',*,*,#1513,.T.);
#2233=ORIENTED_EDGE('',*,*,#1516,.T.);
#2234=ORIENTED_EDGE('',*,*,#1519,.T.);
#2235=ORIENTED_EDGE('',*,*,#1522,.T.);
#2236=ORIENTED_EDGE('',*,*,#1525,.T.);
#2237=ORIENTED_EDGE('',*,*,#1528,.T.);
#2238=ORIENTED_EDGE('',*,*,#1534,.T.);
#2239=ORIENTED_EDGE('',*,*,#1537,.T.);
#2240=ORIENTED_EDGE('',*,*,#1540,.T.);
#2241=ORIENTED_EDGE('',*,*,#1543,.T.);
#2242=ORIENTED_EDGE('',*,*,#1546,.T.);
#2243=ORIENTED_EDGE('',*,*,#1549,.T.);
#2244=ORIENTED_EDGE('',*,*,#1552,.T.);
#2245=ORIENTED_EDGE('',*,*,#1555,.T.);
#2246=ORIENTED_EDGE('',*,*,#1558,.T.);
#2247=ORIENTED_EDGE('',*,*,#1561,.T.);
#2248=ORIENTED_EDGE('',*,*,#1564,.T.);
#2249=ORIENTED_EDGE('',*,*,#1567,.T.);
#2250=ORIENTED_EDGE('',*,*,#1570,.T.);
#2251=ORIENTED_EDGE('',*,*,#1573,.T.);
#2252=ORIENTED_EDGE('',*,*,#1576,.T.);
#2253=ORIENTED_EDGE('',*,*,#1579,.T.);
#2254=ORIENTED_EDGE('',*,*,#1582,.T.);
#2255=ORIENTED_EDGE('',*,*,#1585,.T.);
#2256=ORIENTED_EDGE('',*,*,#1588,.T.);
#2257=ORIENTED_EDGE('',*,*,#1591,.T.);
#2258=ORIENTED_EDGE('',*,*,#1594,.T.);
#2259=ORIENTED_EDGE('',*,*,#1597,.T.);
#2260=ORIENTED_EDGE('',*,*,#1600,.T.);
#2261=ORIENTED_EDGE('',*,*,#1603,.T.);
#2262=ORIENTED_EDGE('',*,*,#1606,.T.);
#2263=ORIENTED_EDGE('',*,*,#1609,.T.);
#2264=ORIENTED_EDGE('',*,*,#1612,.T.);
#2265=ORIENTED_EDGE('',*,*,#1615,.T.);
#2266=ORIENTED_EDGE('',*,*,#1618,.T.);
#2267=ORIENTED_EDGE('',*,*,#1621,.T.);
#2268=ORIENTED_EDGE('',*,*,#1624,.T.);
#2269=ORIENTED_EDGE('',*,*,#1627,.T.);
#2270=ORIENTED_EDGE('',*,*,#1630,.T.);
#2271=ORIENTED_EDGE('',*,*,#1633,.T.);
#2272=ORIENTED_EDGE('',*,*,#1636,.T.);
#2273=ORIENTED_EDGE('',*,*,#1639,.T.);
#2274=ORIENTED_EDGE('',*,*,#1531,.T.);
#2275=ORIENTED_EDGE('',*,*,#1429,.T.);
#2276=ORIENTED_EDGE('',*,*,#1495,.T.);
#2277=ORIENTED_EDGE('',*,*,#1433,.T.);
#2278=ORIENTED_EDGE('',*,*,#1435,.T.);
#2279=ORIENTED_EDGE('',*,*,#1381,.F.);
#2280=ORIENTED_EDGE('',*,*,#1382,.T.);
#2281=ORIENTED_EDGE('',*,*,#1341,.F.);
#2282=ORIENTED_EDGE('',*,*,#1656,.T.);
#2283=ORIENTED_EDGE('',*,*,#1376,.F.);
#2284=ORIENTED_EDGE('',*,*,#1379,.T.);
#2285=ORIENTED_EDGE('',*,*,#1411,.T.);
#2286=ORIENTED_EDGE('',*,*,#1388,.T.);
#2287=ORIENTED_EDGE('',*,*,#1384,.F.);
#2288=ORIENTED_EDGE('',*,*,#1396,.T.);
#2289=ORIENTED_EDGE('',*,*,#1391,.F.);
#2290=ORIENTED_EDGE('',*,*,#1414,.T.);
#2291=ORIENTED_EDGE('',*,*,#1357,.F.);
#2292=ORIENTED_EDGE('',*,*,#1657,.T.);
#2293=ORIENTED_EDGE('',*,*,#1366,.F.);
#2294=ORIENTED_EDGE('',*,*,#1397,.F.);
#2295=ORIENTED_EDGE('',*,*,#1354,.F.);
#2296=ORIENTED_EDGE('',*,*,#1658,.T.);
#2297=ORIENTED_EDGE('',*,*,#1355,.F.);
#2298=ORIENTED_EDGE('',*,*,#1361,.F.);
#2299=ORIENTED_EDGE('',*,*,#1377,.F.);
#2300=ORIENTED_EDGE('',*,*,#1656,.F.);
#2301=ORIENTED_EDGE('',*,*,#1340,.F.);
#2302=ORIENTED_EDGE('',*,*,#1336,.F.);
#2303=ORIENTED_EDGE('',*,*,#1383,.F.);
#2304=ORIENTED_EDGE('',*,*,#1367,.F.);
#2305=ORIENTED_EDGE('',*,*,#1657,.F.);
#2306=ORIENTED_EDGE('',*,*,#1356,.F.);
#2307=ORIENTED_EDGE('',*,*,#1658,.F.);
#2308=ORIENTED_EDGE('',*,*,#1353,.F.);
#2309=ORIENTED_EDGE('',*,*,#1351,.F.);
#2310=ORIENTED_EDGE('',*,*,#1331,.T.);
#2311=ORIENTED_EDGE('',*,*,#1415,.T.);
#2312=ORIENTED_EDGE('',*,*,#1419,.T.);
#2313=ORIENTED_EDGE('',*,*,#1422,.T.);
#2314=ORIENTED_EDGE('',*,*,#1425,.T.);
#2315=CYLINDRICAL_SURFACE('',#2604,1.05);
#2316=CYLINDRICAL_SURFACE('',#2608,3.);
#2317=CYLINDRICAL_SURFACE('',#2618,3.);
#2318=CYLINDRICAL_SURFACE('',#2620,3.);
#2319=CYLINDRICAL_SURFACE('',#2623,3.);
#2320=CYLINDRICAL_SURFACE('',#2625,3.);
#2321=CYLINDRICAL_SURFACE('',#2628,3.);
#2322=CYLINDRICAL_SURFACE('',#2631,3.);
#2323=CYLINDRICAL_SURFACE('',#2637,3.);
#2324=CYLINDRICAL_SURFACE('',#2640,3.);
#2325=CYLINDRICAL_SURFACE('',#2643,1.5);
#2326=CYLINDRICAL_SURFACE('',#2647,1.5);
#2327=CYLINDRICAL_SURFACE('',#2656,5.00000000000001);
#2328=CYLINDRICAL_SURFACE('',#2658,5.00000000000001);
#2329=CYLINDRICAL_SURFACE('',#2660,4.99999999999999);
#2330=CYLINDRICAL_SURFACE('',#2662,4.99999999999999);
#2331=CYLINDRICAL_SURFACE('',#2673,1.6032);
#2332=CYLINDRICAL_SURFACE('',#2676,1.6032);
#2333=CYLINDRICAL_SURFACE('',#2680,1.6032);
#2334=CYLINDRICAL_SURFACE('',#2684,1.6032);
#2335=CYLINDRICAL_SURFACE('',#2688,1.6032);
#2336=CYLINDRICAL_SURFACE('',#2692,1.6032);
#2337=CYLINDRICAL_SURFACE('',#2696,1.6032);
#2338=CYLINDRICAL_SURFACE('',#2700,1.6032);
#2339=CYLINDRICAL_SURFACE('',#2704,1.6032);
#2340=CYLINDRICAL_SURFACE('',#2708,1.6032);
#2341=CYLINDRICAL_SURFACE('',#2712,1.6032);
#2342=CYLINDRICAL_SURFACE('',#2716,1.6032);
#2343=CYLINDRICAL_SURFACE('',#2720,1.6032);
#2344=CYLINDRICAL_SURFACE('',#2726,1.6032);
#2345=CYLINDRICAL_SURFACE('',#2730,1.6032);
#2346=CYLINDRICAL_SURFACE('',#2734,1.6032);
#2347=CYLINDRICAL_SURFACE('',#2738,1.6032);
#2348=CYLINDRICAL_SURFACE('',#2742,1.6032);
#2349=CYLINDRICAL_SURFACE('',#2746,1.6032);
#2350=CYLINDRICAL_SURFACE('',#2750,1.6032);
#2351=CYLINDRICAL_SURFACE('',#2754,1.6032);
#2352=CYLINDRICAL_SURFACE('',#2756,1.6032);
#2353=CYLINDRICAL_SURFACE('',#2760,1.6032);
#2354=CYLINDRICAL_SURFACE('',#2764,1.6032);
#2355=CYLINDRICAL_SURFACE('',#2768,1.6032);
#2356=CYLINDRICAL_SURFACE('',#2772,1.6032);
#2357=CYLINDRICAL_SURFACE('',#2776,1.6032);
#2358=CYLINDRICAL_SURFACE('',#2780,1.6032);
#2359=CYLINDRICAL_SURFACE('',#2784,1.6032);
#2360=CYLINDRICAL_SURFACE('',#2788,1.6032);
#2361=CYLINDRICAL_SURFACE('',#2792,1.6032);
#2362=CYLINDRICAL_SURFACE('',#2796,1.6032);
#2363=CYLINDRICAL_SURFACE('',#2800,1.6032);
#2364=CYLINDRICAL_SURFACE('',#2804,1.6032);
#2365=CYLINDRICAL_SURFACE('',#2808,1.6032);
#2366=CYLINDRICAL_SURFACE('',#2812,1.6032);
#2367=CYLINDRICAL_SURFACE('',#2816,1.6032);
#2368=CYLINDRICAL_SURFACE('',#2820,1.6032);
#2369=CYLINDRICAL_SURFACE('',#2824,1.6032);
#2370=CYLINDRICAL_SURFACE('',#2828,1.6032);
#2371=CYLINDRICAL_SURFACE('',#2832,1.6032);
#2372=CYLINDRICAL_SURFACE('',#2836,1.6032);
#2373=CYLINDRICAL_SURFACE('',#2840,1.6032);
#2374=CYLINDRICAL_SURFACE('',#2844,1.6032);
#2375=CYLINDRICAL_SURFACE('',#2848,1.6032);
#2376=CYLINDRICAL_SURFACE('',#2852,1.6032);
#2377=CYLINDRICAL_SURFACE('',#2856,1.6032);
#2378=CYLINDRICAL_SURFACE('',#2860,1.6032);
#2379=CYLINDRICAL_SURFACE('',#2864,1.6032);
#2380=CYLINDRICAL_SURFACE('',#2868,1.6032);
#2381=CYLINDRICAL_SURFACE('',#2872,1.6032);
#2382=CYLINDRICAL_SURFACE('',#2876,1.6032);
#2383=CYLINDRICAL_SURFACE('',#2880,1.6032);
#2384=CYLINDRICAL_SURFACE('',#2884,1.6032);
#2385=CYLINDRICAL_SURFACE('',#2888,1.6032);
#2386=CYLINDRICAL_SURFACE('',#2892,1.6032);
#2387=CYLINDRICAL_SURFACE('',#2896,1.6032);
#2388=CYLINDRICAL_SURFACE('',#2900,1.6032);
#2389=CYLINDRICAL_SURFACE('',#2904,1.6032);
#2390=CYLINDRICAL_SURFACE('',#2908,1.6032);
#2391=CYLINDRICAL_SURFACE('',#2912,1.6032);
#2392=CYLINDRICAL_SURFACE('',#2916,1.6032);
#2393=CYLINDRICAL_SURFACE('',#2920,1.6032);
#2394=CYLINDRICAL_SURFACE('',#2924,1.6032);
#2395=CYLINDRICAL_SURFACE('',#2928,1.6032);
#2396=CYLINDRICAL_SURFACE('',#2932,1.6032);
#2397=CYLINDRICAL_SURFACE('',#2936,1.6032);
#2398=CYLINDRICAL_SURFACE('',#2940,1.6032);
#2399=CYLINDRICAL_SURFACE('',#2944,1.6032);
#2400=CYLINDRICAL_SURFACE('',#2948,2.1032);
#2401=CYLINDRICAL_SURFACE('',#2951,2.1032);
#2402=CYLINDRICAL_SURFACE('',#2954,2.1032);
#2403=CYLINDRICAL_SURFACE('',#2957,2.1032);
#2404=ADVANCED_FACE('',(#192),#2315,.F.);
#2405=ADVANCED_FACE('',(#193),#98,.F.);
#2406=ADVANCED_FACE('',(#194),#2316,.T.);
#2407=ADVANCED_FACE('',(#195,#23),#99,.T.);
#2408=ADVANCED_FACE('',(#196),#100,.T.);
#2409=ADVANCED_FACE('',(#197),#2317,.T.);
#2410=ADVANCED_FACE('',(#198),#2318,.T.);
#2411=ADVANCED_FACE('',(#199),#2319,.T.);
#2412=ADVANCED_FACE('',(#200),#2320,.T.);
#2413=ADVANCED_FACE('',(#201),#2321,.T.);
#2414=ADVANCED_FACE('',(#202),#2322,.T.);
#2415=ADVANCED_FACE('',(#203),#19,.T.);
#2416=ADVANCED_FACE('',(#204),#20,.T.);
#2417=ADVANCED_FACE('',(#205),#2323,.T.);
#2418=ADVANCED_FACE('',(#206),#101,.T.);
#2419=ADVANCED_FACE('',(#207),#2324,.T.);
#2420=ADVANCED_FACE('',(#208),#102,.T.);
#2421=ADVANCED_FACE('',(#209),#2325,.F.);
#2422=ADVANCED_FACE('',(#210),#103,.F.);
#2423=ADVANCED_FACE('',(#211),#2326,.F.);
#2424=ADVANCED_FACE('',(#212),#104,.F.);
#2425=ADVANCED_FACE('',(#213,#24),#105,.T.);
#2426=ADVANCED_FACE('',(#214),#2327,.T.);
#2427=ADVANCED_FACE('',(#215),#2328,.T.);
#2428=ADVANCED_FACE('',(#216),#2329,.T.);
#2429=ADVANCED_FACE('',(#217),#2330,.T.);
#2430=ADVANCED_FACE('',(#218),#106,.F.);
#2431=ADVANCED_FACE('',(#219),#107,.F.);
#2432=ADVANCED_FACE('',(#220,#25),#108,.F.);
#2433=ADVANCED_FACE('',(#221),#109,.F.);
#2434=ADVANCED_FACE('',(#222,#26),#110,.F.);
#2435=ADVANCED_FACE('',(#223),#111,.F.);
#2436=ADVANCED_FACE('',(#224),#112,.F.);
#2437=ADVANCED_FACE('',(#225),#113,.T.);
#2438=ADVANCED_FACE('',(#226),#114,.T.);
#2439=ADVANCED_FACE('',(#227),#2331,.T.);
#2440=ADVANCED_FACE('',(#228),#2332,.T.);
#2441=ADVANCED_FACE('',(#229),#115,.T.);
#2442=ADVANCED_FACE('',(#230),#2333,.T.);
#2443=ADVANCED_FACE('',(#231),#116,.T.);
#2444=ADVANCED_FACE('',(#232),#2334,.T.);
#2445=ADVANCED_FACE('',(#233),#117,.T.);
#2446=ADVANCED_FACE('',(#234),#2335,.T.);
#2447=ADVANCED_FACE('',(#235),#118,.T.);
#2448=ADVANCED_FACE('',(#236),#2336,.T.);
#2449=ADVANCED_FACE('',(#237),#119,.T.);
#2450=ADVANCED_FACE('',(#238),#2337,.T.);
#2451=ADVANCED_FACE('',(#239),#120,.T.);
#2452=ADVANCED_FACE('',(#240),#2338,.T.);
#2453=ADVANCED_FACE('',(#241),#121,.T.);
#2454=ADVANCED_FACE('',(#242),#2339,.T.);
#2455=ADVANCED_FACE('',(#243),#122,.T.);
#2456=ADVANCED_FACE('',(#244),#2340,.T.);
#2457=ADVANCED_FACE('',(#245),#123,.T.);
#2458=ADVANCED_FACE('',(#246),#2341,.T.);
#2459=ADVANCED_FACE('',(#247),#124,.T.);
#2460=ADVANCED_FACE('',(#248),#2342,.T.);
#2461=ADVANCED_FACE('',(#249),#125,.T.);
#2462=ADVANCED_FACE('',(#250),#2343,.T.);
#2463=ADVANCED_FACE('',(#251),#126,.T.);
#2464=ADVANCED_FACE('',(#252),#127,.T.);
#2465=ADVANCED_FACE('',(#253),#2344,.T.);
#2466=ADVANCED_FACE('',(#254),#128,.T.);
#2467=ADVANCED_FACE('',(#255),#2345,.T.);
#2468=ADVANCED_FACE('',(#256),#129,.T.);
#2469=ADVANCED_FACE('',(#257),#2346,.T.);
#2470=ADVANCED_FACE('',(#258),#130,.T.);
#2471=ADVANCED_FACE('',(#259),#2347,.T.);
#2472=ADVANCED_FACE('',(#260),#131,.T.);
#2473=ADVANCED_FACE('',(#261),#2348,.T.);
#2474=ADVANCED_FACE('',(#262),#132,.T.);
#2475=ADVANCED_FACE('',(#263),#2349,.T.);
#2476=ADVANCED_FACE('',(#264),#133,.T.);
#2477=ADVANCED_FACE('',(#265),#2350,.T.);
#2478=ADVANCED_FACE('',(#266),#134,.T.);
#2479=ADVANCED_FACE('',(#267),#2351,.T.);
#2480=ADVANCED_FACE('',(#268),#2352,.T.);
#2481=ADVANCED_FACE('',(#269),#135,.T.);
#2482=ADVANCED_FACE('',(#270),#2353,.T.);
#2483=ADVANCED_FACE('',(#271),#136,.T.);
#2484=ADVANCED_FACE('',(#272),#2354,.T.);
#2485=ADVANCED_FACE('',(#273),#137,.T.);
#2486=ADVANCED_FACE('',(#274),#2355,.T.);
#2487=ADVANCED_FACE('',(#275),#138,.T.);
#2488=ADVANCED_FACE('',(#276),#2356,.T.);
#2489=ADVANCED_FACE('',(#277),#139,.T.);
#2490=ADVANCED_FACE('',(#278),#2357,.T.);
#2491=ADVANCED_FACE('',(#279),#140,.T.);
#2492=ADVANCED_FACE('',(#280),#2358,.T.);
#2493=ADVANCED_FACE('',(#281),#141,.T.);
#2494=ADVANCED_FACE('',(#282),#2359,.T.);
#2495=ADVANCED_FACE('',(#283),#142,.T.);
#2496=ADVANCED_FACE('',(#284),#2360,.T.);
#2497=ADVANCED_FACE('',(#285),#143,.T.);
#2498=ADVANCED_FACE('',(#286),#2361,.T.);
#2499=ADVANCED_FACE('',(#287),#144,.T.);
#2500=ADVANCED_FACE('',(#288),#2362,.T.);
#2501=ADVANCED_FACE('',(#289),#145,.T.);
#2502=ADVANCED_FACE('',(#290),#2363,.T.);
#2503=ADVANCED_FACE('',(#291),#146,.T.);
#2504=ADVANCED_FACE('',(#292),#2364,.T.);
#2505=ADVANCED_FACE('',(#293),#147,.T.);
#2506=ADVANCED_FACE('',(#294),#2365,.T.);
#2507=ADVANCED_FACE('',(#295),#148,.T.);
#2508=ADVANCED_FACE('',(#296),#2366,.T.);
#2509=ADVANCED_FACE('',(#297),#149,.T.);
#2510=ADVANCED_FACE('',(#298),#2367,.T.);
#2511=ADVANCED_FACE('',(#299),#150,.T.);
#2512=ADVANCED_FACE('',(#300),#2368,.T.);
#2513=ADVANCED_FACE('',(#301),#151,.T.);
#2514=ADVANCED_FACE('',(#302),#2369,.T.);
#2515=ADVANCED_FACE('',(#303),#152,.T.);
#2516=ADVANCED_FACE('',(#304),#2370,.T.);
#2517=ADVANCED_FACE('',(#305),#153,.T.);
#2518=ADVANCED_FACE('',(#306),#2371,.T.);
#2519=ADVANCED_FACE('',(#307),#154,.T.);
#2520=ADVANCED_FACE('',(#308),#2372,.T.);
#2521=ADVANCED_FACE('',(#309),#155,.T.);
#2522=ADVANCED_FACE('',(#310),#2373,.T.);
#2523=ADVANCED_FACE('',(#311),#156,.T.);
#2524=ADVANCED_FACE('',(#312),#2374,.T.);
#2525=ADVANCED_FACE('',(#313),#157,.T.);
#2526=ADVANCED_FACE('',(#314),#2375,.T.);
#2527=ADVANCED_FACE('',(#315),#158,.T.);
#2528=ADVANCED_FACE('',(#316),#2376,.T.);
#2529=ADVANCED_FACE('',(#317),#159,.T.);
#2530=ADVANCED_FACE('',(#318),#2377,.T.);
#2531=ADVANCED_FACE('',(#319),#160,.T.);
#2532=ADVANCED_FACE('',(#320),#2378,.T.);
#2533=ADVANCED_FACE('',(#321),#161,.T.);
#2534=ADVANCED_FACE('',(#322),#2379,.T.);
#2535=ADVANCED_FACE('',(#323),#162,.T.);
#2536=ADVANCED_FACE('',(#324),#2380,.T.);
#2537=ADVANCED_FACE('',(#325),#163,.T.);
#2538=ADVANCED_FACE('',(#326),#2381,.T.);
#2539=ADVANCED_FACE('',(#327),#164,.T.);
#2540=ADVANCED_FACE('',(#328),#2382,.T.);
#2541=ADVANCED_FACE('',(#329),#165,.T.);
#2542=ADVANCED_FACE('',(#330),#2383,.T.);
#2543=ADVANCED_FACE('',(#331),#166,.T.);
#2544=ADVANCED_FACE('',(#332),#2384,.T.);
#2545=ADVANCED_FACE('',(#333),#167,.T.);
#2546=ADVANCED_FACE('',(#334),#2385,.T.);
#2547=ADVANCED_FACE('',(#335),#168,.T.);
#2548=ADVANCED_FACE('',(#336),#2386,.T.);
#2549=ADVANCED_FACE('',(#337),#169,.T.);
#2550=ADVANCED_FACE('',(#338),#2387,.T.);
#2551=ADVANCED_FACE('',(#339),#170,.T.);
#2552=ADVANCED_FACE('',(#340),#2388,.T.);
#2553=ADVANCED_FACE('',(#341),#171,.T.);
#2554=ADVANCED_FACE('',(#342),#2389,.T.);
#2555=ADVANCED_FACE('',(#343),#172,.T.);
#2556=ADVANCED_FACE('',(#344),#2390,.T.);
#2557=ADVANCED_FACE('',(#345),#173,.T.);
#2558=ADVANCED_FACE('',(#346),#2391,.T.);
#2559=ADVANCED_FACE('',(#347),#174,.T.);
#2560=ADVANCED_FACE('',(#348),#2392,.T.);
#2561=ADVANCED_FACE('',(#349),#175,.T.);
#2562=ADVANCED_FACE('',(#350),#2393,.T.);
#2563=ADVANCED_FACE('',(#351),#176,.T.);
#2564=ADVANCED_FACE('',(#352),#2394,.T.);
#2565=ADVANCED_FACE('',(#353),#177,.T.);
#2566=ADVANCED_FACE('',(#354),#2395,.T.);
#2567=ADVANCED_FACE('',(#355),#178,.T.);
#2568=ADVANCED_FACE('',(#356),#2396,.T.);
#2569=ADVANCED_FACE('',(#357),#179,.T.);
#2570=ADVANCED_FACE('',(#358),#2397,.T.);
#2571=ADVANCED_FACE('',(#359),#180,.T.);
#2572=ADVANCED_FACE('',(#360),#2398,.T.);
#2573=ADVANCED_FACE('',(#361),#181,.T.);
#2574=ADVANCED_FACE('',(#362),#2399,.T.);
#2575=ADVANCED_FACE('',(#363),#182,.T.);
#2576=ADVANCED_FACE('',(#364),#2400,.F.);
#2577=ADVANCED_FACE('',(#365),#183,.F.);
#2578=ADVANCED_FACE('',(#366),#2401,.F.);
#2579=ADVANCED_FACE('',(#367),#184,.F.);
#2580=ADVANCED_FACE('',(#368),#2402,.F.);
#2581=ADVANCED_FACE('',(#369),#185,.F.);
#2582=ADVANCED_FACE('',(#370),#2403,.F.);
#2583=ADVANCED_FACE('',(#371),#186,.F.);
#2584=ADVANCED_FACE('',(#372,#27,#28,#29,#30,#31,#32,#33,#34,#35,#36,#37,
#38,#39,#40,#41,#42,#43,#44,#45,#46,#47,#48,#49,#50,#51,#52,#53,#54,#55,
#56,#57,#58,#59,#60,#61,#62,#63,#64,#65,#66,#67,#68,#69,#70,#71,#72,#73,
#74,#75,#76,#77,#78,#79,#80,#81,#82,#83,#84,#85,#86,#87,#88,#89,#90,#91,
#92,#93,#94),#187,.F.);
#2585=ADVANCED_FACE('',(#373,#95),#188,.T.);
#2586=ADVANCED_FACE('',(#374),#189,.T.);
#2587=ADVANCED_FACE('',(#375),#190,.T.);
#2588=ADVANCED_FACE('',(#376,#96,#97),#191,.F.);
#2589=CLOSED_SHELL('',(#2404,#2405,#2406,#2407,#2408,#2409,#2410,#2411,
#2412,#2413,#2414,#2415,#2416,#2417,#2418,#2419,#2420,#2421,#2422,#2423,
#2424,#2425,#2426,#2427,#2428,#2429,#2430,#2431,#2432,#2433,#2434,#2435,
#2436,#2437,#2438,#2439,#2440,#2441,#2442,#2443,#2444,#2445,#2446,#2447,
#2448,#2449,#2450,#2451,#2452,#2453,#2454,#2455,#2456,#2457,#2458,#2459,
#2460,#2461,#2462,#2463,#2464,#2465,#2466,#2467,#2468,#2469,#2470,#2471,
#2472,#2473,#2474,#2475,#2476,#2477,#2478,#2479,#2480,#2481,#2482,#2483,
#2484,#2485,#2486,#2487,#2488,#2489,#2490,#2491,#2492,#2493,#2494,#2495,
#2496,#2497,#2498,#2499,#2500,#2501,#2502,#2503,#2504,#2505,#2506,#2507,
#2508,#2509,#2510,#2511,#2512,#2513,#2514,#2515,#2516,#2517,#2518,#2519,
#2520,#2521,#2522,#2523,#2524,#2525,#2526,#2527,#2528,#2529,#2530,#2531,
#2532,#2533,#2534,#2535,#2536,#2537,#2538,#2539,#2540,#2541,#2542,#2543,
#2544,#2545,#2546,#2547,#2548,#2549,#2550,#2551,#2552,#2553,#2554,#2555,
#2556,#2557,#2558,#2559,#2560,#2561,#2562,#2563,#2564,#2565,#2566,#2567,
#2568,#2569,#2570,#2571,#2572,#2573,#2574,#2575,#2576,#2577,#2578,#2579,
#2580,#2581,#2582,#2583,#2584,#2585,#2586,#2587,#2588));
#2590=DERIVED_UNIT_ELEMENT(#2592,1.);
#2591=DERIVED_UNIT_ELEMENT(#4585,-3.);
#2592=(
MASS_UNIT()
NAMED_UNIT(*)
SI_UNIT(.KILO.,.GRAM.)
);
#2593=DERIVED_UNIT((#2590,#2591));
#2594=MEASURE_REPRESENTATION_ITEM('density measure',
POSITIVE_RATIO_MEASURE(7850.),#2593);
#2595=PROPERTY_DEFINITION_REPRESENTATION(#2600,#2597);
#2596=PROPERTY_DEFINITION_REPRESENTATION(#2601,#2598);
#2597=REPRESENTATION('material name',(#2599),#4582);
#2598=REPRESENTATION('density',(#2594),#4582);
#2599=DESCRIPTIVE_REPRESENTATION_ITEM('Steel','Steel');
#2600=PROPERTY_DEFINITION('material property','material name',#4597);
#2601=PROPERTY_DEFINITION('material property','density of part',#4597);
#2602=AXIS2_PLACEMENT_3D('',#3846,#2966,#2967);
#2603=AXIS2_PLACEMENT_3D('',#3847,#2968,#2969);
#2604=AXIS2_PLACEMENT_3D('',#3848,#2970,#2971);
#2605=AXIS2_PLACEMENT_3D('',#3850,#2972,#2973);
#2606=AXIS2_PLACEMENT_3D('',#3853,#2975,#2976);
#2607=AXIS2_PLACEMENT_3D('',#3854,#2977,#2978);
#2608=AXIS2_PLACEMENT_3D('',#3855,#2979,#2980);
#2609=AXIS2_PLACEMENT_3D('',#3858,#2981,#2982);
#2610=AXIS2_PLACEMENT_3D('',#3862,#2984,#2985);
#2611=AXIS2_PLACEMENT_3D('',#3864,#2987,#2988);
#2612=AXIS2_PLACEMENT_3D('',#3868,#2990,#2991);
#2613=AXIS2_PLACEMENT_3D('',#3878,#2996,#2997);
#2614=AXIS2_PLACEMENT_3D('',#3882,#2999,#3000);
#2615=AXIS2_PLACEMENT_3D('',#3886,#3002,#3003);
#2616=AXIS2_PLACEMENT_3D('',#3889,#3005,#3006);
#2617=AXIS2_PLACEMENT_3D('',#3890,#3007,#3008);
#2618=AXIS2_PLACEMENT_3D('',#3894,#3011,#3012);
#2619=AXIS2_PLACEMENT_3D('',#3896,#3013,#3014);
#2620=AXIS2_PLACEMENT_3D('',#3898,#3016,#3017);
#2621=AXIS2_PLACEMENT_3D('',#3903,#3019,#3020);
#2622=AXIS2_PLACEMENT_3D('',#3906,#3022,#3023);
#2623=AXIS2_PLACEMENT_3D('',#3907,#3024,#3025);
#2624=AXIS2_PLACEMENT_3D('',#3911,#3027,#3028);
#2625=AXIS2_PLACEMENT_3D('',#3913,#3030,#3031);
#2626=AXIS2_PLACEMENT_3D('',#3915,#3032,#3033);
#2627=AXIS2_PLACEMENT_3D('',#3919,#3035,#3036);
#2628=AXIS2_PLACEMENT_3D('',#3921,#3038,#3039);
#2629=AXIS2_PLACEMENT_3D('',#3926,#3041,#3042);
#2630=AXIS2_PLACEMENT_3D('',#3929,#3044,#3045);
#2631=AXIS2_PLACEMENT_3D('',#3930,#3046,#3047);
#2632=AXIS2_PLACEMENT_3D('',#3933,#3049,#3050);
#2633=AXIS2_PLACEMENT_3D('',#3935,#3052,#3053);
#2634=AXIS2_PLACEMENT_3D('',#3936,#3054,#3055);
#2635=AXIS2_PLACEMENT_3D('',#3937,#3056,#3057);
#2636=AXIS2_PLACEMENT_3D('',#3938,#3058,#3059);
#2637=AXIS2_PLACEMENT_3D('',#3939,#3060,#3061);
#2638=AXIS2_PLACEMENT_3D('',#3943,#3063,#3064);
#2639=AXIS2_PLACEMENT_3D('',#3945,#3066,#3067);
#2640=AXIS2_PLACEMENT_3D('',#3949,#3070,#3071);
#2641=AXIS2_PLACEMENT_3D('',#3952,#3073,#3074);
#2642=AXIS2_PLACEMENT_3D('',#3953,#3075,#3076);
#2643=AXIS2_PLACEMENT_3D('',#3956,#3079,#3080);
#2644=AXIS2_PLACEMENT_3D('',#3959,#3081,#3082);
#2645=AXIS2_PLACEMENT_3D('',#3963,#3084,#3085);
#2646=AXIS2_PLACEMENT_3D('',#3965,#3087,#3088);
#2647=AXIS2_PLACEMENT_3D('',#3971,#3092,#3093);
#2648=AXIS2_PLACEMENT_3D('',#3974,#3094,#3095);
#2649=AXIS2_PLACEMENT_3D('',#3978,#3097,#3098);
#2650=AXIS2_PLACEMENT_3D('',#3980,#3100,#3101);
#2651=AXIS2_PLACEMENT_3D('',#3983,#3104,#3105);
#2652=AXIS2_PLACEMENT_3D('',#3987,#3107,#3108);
#2653=AXIS2_PLACEMENT_3D('',#3989,#3109,#3110);
#2654=AXIS2_PLACEMENT_3D('',#3991,#3111,#3112);
#2655=AXIS2_PLACEMENT_3D('',#3992,#3113,#3114);
#2656=AXIS2_PLACEMENT_3D('',#3993,#3115,#3116);
#2657=AXIS2_PLACEMENT_3D('',#3997,#3118,#3119);
#2658=AXIS2_PLACEMENT_3D('',#3999,#3121,#3122);
#2659=AXIS2_PLACEMENT_3D('',#4002,#3124,#3125);
#2660=AXIS2_PLACEMENT_3D('',#4003,#3126,#3127);
#2661=AXIS2_PLACEMENT_3D('',#4006,#3129,#3130);
#2662=AXIS2_PLACEMENT_3D('',#4007,#3131,#3132);
#2663=AXIS2_PLACEMENT_3D('',#4008,#3133,#3134);
#2664=AXIS2_PLACEMENT_3D('',#4009,#3135,#3136);
#2665=AXIS2_PLACEMENT_3D('',#4015,#3140,#3141);
#2666=AXIS2_PLACEMENT_3D('',#4018,#3144,#3145);
#2667=AXIS2_PLACEMENT_3D('',#4027,#3150,#3151);
#2668=AXIS2_PLACEMENT_3D('',#4033,#3155,#3156);
#2669=AXIS2_PLACEMENT_3D('',#4039,#3160,#3161);
#2670=AXIS2_PLACEMENT_3D('',#4042,#3164,#3165);
#2671=AXIS2_PLACEMENT_3D('',#4043,#3166,#3167);
#2672=AXIS2_PLACEMENT_3D('',#4052,#3172,#3173);
#2673=AXIS2_PLACEMENT_3D('',#4061,#3178,#3179);
#2674=AXIS2_PLACEMENT_3D('',#4062,#3180,#3181);
#2675=AXIS2_PLACEMENT_3D('',#4063,#3182,#3183);
#2676=AXIS2_PLACEMENT_3D('',#4064,#3184,#3185);
#2677=AXIS2_PLACEMENT_3D('',#4066,#3186,#3187);
#2678=AXIS2_PLACEMENT_3D('',#4069,#3189,#3190);
#2679=AXIS2_PLACEMENT_3D('',#4070,#3191,#3192);
#2680=AXIS2_PLACEMENT_3D('',#4071,#3193,#3194);
#2681=AXIS2_PLACEMENT_3D('',#4073,#3195,#3196);
#2682=AXIS2_PLACEMENT_3D('',#4076,#3198,#3199);
#2683=AXIS2_PLACEMENT_3D('',#4077,#3200,#3201);
#2684=AXIS2_PLACEMENT_3D('',#4078,#3202,#3203);
#2685=AXIS2_PLACEMENT_3D('',#4080,#3204,#3205);
#2686=AXIS2_PLACEMENT_3D('',#4083,#3207,#3208);
#2687=AXIS2_PLACEMENT_3D('',#4084,#3209,#3210);
#2688=AXIS2_PLACEMENT_3D('',#4085,#3211,#3212);
#2689=AXIS2_PLACEMENT_3D('',#4087,#3213,#3214);
#2690=AXIS2_PLACEMENT_3D('',#4090,#3216,#3217);
#2691=AXIS2_PLACEMENT_3D('',#4091,#3218,#3219);
#2692=AXIS2_PLACEMENT_3D('',#4092,#3220,#3221);
#2693=AXIS2_PLACEMENT_3D('',#4094,#3222,#3223);
#2694=AXIS2_PLACEMENT_3D('',#4097,#3225,#3226);
#2695=AXIS2_PLACEMENT_3D('',#4098,#3227,#3228);
#2696=AXIS2_PLACEMENT_3D('',#4099,#3229,#3230);
#2697=AXIS2_PLACEMENT_3D('',#4101,#3231,#3232);
#2698=AXIS2_PLACEMENT_3D('',#4104,#3234,#3235);
#2699=AXIS2_PLACEMENT_3D('',#4105,#3236,#3237);
#2700=AXIS2_PLACEMENT_3D('',#4106,#3238,#3239);
#2701=AXIS2_PLACEMENT_3D('',#4108,#3240,#3241);
#2702=AXIS2_PLACEMENT_3D('',#4111,#3243,#3244);
#2703=AXIS2_PLACEMENT_3D('',#4112,#3245,#3246);
#2704=AXIS2_PLACEMENT_3D('',#4113,#3247,#3248);
#2705=AXIS2_PLACEMENT_3D('',#4115,#3249,#3250);
#2706=AXIS2_PLACEMENT_3D('',#4118,#3252,#3253);
#2707=AXIS2_PLACEMENT_3D('',#4119,#3254,#3255);
#2708=AXIS2_PLACEMENT_3D('',#4120,#3256,#3257);
#2709=AXIS2_PLACEMENT_3D('',#4122,#3258,#3259);
#2710=AXIS2_PLACEMENT_3D('',#4125,#3261,#3262);
#2711=AXIS2_PLACEMENT_3D('',#4126,#3263,#3264);
#2712=AXIS2_PLACEMENT_3D('',#4127,#3265,#3266);
#2713=AXIS2_PLACEMENT_3D('',#4129,#3267,#3268);
#2714=AXIS2_PLACEMENT_3D('',#4132,#3270,#3271);
#2715=AXIS2_PLACEMENT_3D('',#4133,#3272,#3273);
#2716=AXIS2_PLACEMENT_3D('',#4134,#3274,#3275);
#2717=AXIS2_PLACEMENT_3D('',#4136,#3276,#3277);
#2718=AXIS2_PLACEMENT_3D('',#4139,#3279,#3280);
#2719=AXIS2_PLACEMENT_3D('',#4140,#3281,#3282);
#2720=AXIS2_PLACEMENT_3D('',#4141,#3283,#3284);
#2721=AXIS2_PLACEMENT_3D('',#4143,#3285,#3286);
#2722=AXIS2_PLACEMENT_3D('',#4146,#3288,#3289);
#2723=AXIS2_PLACEMENT_3D('',#4147,#3290,#3291);
#2724=AXIS2_PLACEMENT_3D('',#4148,#3292,#3293);
#2725=AXIS2_PLACEMENT_3D('',#4149,#3294,#3295);
#2726=AXIS2_PLACEMENT_3D('',#4150,#3296,#3297);
#2727=AXIS2_PLACEMENT_3D('',#4152,#3298,#3299);
#2728=AXIS2_PLACEMENT_3D('',#4155,#3301,#3302);
#2729=AXIS2_PLACEMENT_3D('',#4156,#3303,#3304);
#2730=AXIS2_PLACEMENT_3D('',#4157,#3305,#3306);
#2731=AXIS2_PLACEMENT_3D('',#4159,#3307,#3308);
#2732=AXIS2_PLACEMENT_3D('',#4162,#3310,#3311);
#2733=AXIS2_PLACEMENT_3D('',#4163,#3312,#3313);
#2734=AXIS2_PLACEMENT_3D('',#4164,#3314,#3315);
#2735=AXIS2_PLACEMENT_3D('',#4166,#3316,#3317);
#2736=AXIS2_PLACEMENT_3D('',#4169,#3319,#3320);
#2737=AXIS2_PLACEMENT_3D('',#4170,#3321,#3322);
#2738=AXIS2_PLACEMENT_3D('',#4171,#3323,#3324);
#2739=AXIS2_PLACEMENT_3D('',#4173,#3325,#3326);
#2740=AXIS2_PLACEMENT_3D('',#4176,#3328,#3329);
#2741=AXIS2_PLACEMENT_3D('',#4177,#3330,#3331);
#2742=AXIS2_PLACEMENT_3D('',#4178,#3332,#3333);
#2743=AXIS2_PLACEMENT_3D('',#4180,#3334,#3335);
#2744=AXIS2_PLACEMENT_3D('',#4183,#3337,#3338);
#2745=AXIS2_PLACEMENT_3D('',#4184,#3339,#3340);
#2746=AXIS2_PLACEMENT_3D('',#4185,#3341,#3342);
#2747=AXIS2_PLACEMENT_3D('',#4187,#3343,#3344);
#2748=AXIS2_PLACEMENT_3D('',#4190,#3346,#3347);
#2749=AXIS2_PLACEMENT_3D('',#4191,#3348,#3349);
#2750=AXIS2_PLACEMENT_3D('',#4192,#3350,#3351);
#2751=AXIS2_PLACEMENT_3D('',#4194,#3352,#3353);
#2752=AXIS2_PLACEMENT_3D('',#4197,#3355,#3356);
#2753=AXIS2_PLACEMENT_3D('',#4198,#3357,#3358);
#2754=AXIS2_PLACEMENT_3D('',#4199,#3359,#3360);
#2755=AXIS2_PLACEMENT_3D('',#4200,#3361,#3362);
#2756=AXIS2_PLACEMENT_3D('',#4201,#3363,#3364);
#2757=AXIS2_PLACEMENT_3D('',#4203,#3365,#3366);
#2758=AXIS2_PLACEMENT_3D('',#4206,#3368,#3369);
#2759=AXIS2_PLACEMENT_3D('',#4207,#3370,#3371);
#2760=AXIS2_PLACEMENT_3D('',#4208,#3372,#3373);
#2761=AXIS2_PLACEMENT_3D('',#4210,#3374,#3375);
#2762=AXIS2_PLACEMENT_3D('',#4213,#3377,#3378);
#2763=AXIS2_PLACEMENT_3D('',#4214,#3379,#3380);
#2764=AXIS2_PLACEMENT_3D('',#4215,#3381,#3382);
#2765=AXIS2_PLACEMENT_3D('',#4217,#3383,#3384);
#2766=AXIS2_PLACEMENT_3D('',#4220,#3386,#3387);
#2767=AXIS2_PLACEMENT_3D('',#4221,#3388,#3389);
#2768=AXIS2_PLACEMENT_3D('',#4222,#3390,#3391);
#2769=AXIS2_PLACEMENT_3D('',#4224,#3392,#3393);
#2770=AXIS2_PLACEMENT_3D('',#4227,#3395,#3396);
#2771=AXIS2_PLACEMENT_3D('',#4228,#3397,#3398);
#2772=AXIS2_PLACEMENT_3D('',#4229,#3399,#3400);
#2773=AXIS2_PLACEMENT_3D('',#4231,#3401,#3402);
#2774=AXIS2_PLACEMENT_3D('',#4234,#3404,#3405);
#2775=AXIS2_PLACEMENT_3D('',#4235,#3406,#3407);
#2776=AXIS2_PLACEMENT_3D('',#4236,#3408,#3409);
#2777=AXIS2_PLACEMENT_3D('',#4238,#3410,#3411);
#2778=AXIS2_PLACEMENT_3D('',#4241,#3413,#3414);
#2779=AXIS2_PLACEMENT_3D('',#4242,#3415,#3416);
#2780=AXIS2_PLACEMENT_3D('',#4243,#3417,#3418);
#2781=AXIS2_PLACEMENT_3D('',#4245,#3419,#3420);
#2782=AXIS2_PLACEMENT_3D('',#4248,#3422,#3423);
#2783=AXIS2_PLACEMENT_3D('',#4249,#3424,#3425);
#2784=AXIS2_PLACEMENT_3D('',#4250,#3426,#3427);
#2785=AXIS2_PLACEMENT_3D('',#4252,#3428,#3429);
#2786=AXIS2_PLACEMENT_3D('',#4255,#3431,#3432);
#2787=AXIS2_PLACEMENT_3D('',#4256,#3433,#3434);
#2788=AXIS2_PLACEMENT_3D('',#4257,#3435,#3436);
#2789=AXIS2_PLACEMENT_3D('',#4259,#3437,#3438);
#2790=AXIS2_PLACEMENT_3D('',#4262,#3440,#3441);
#2791=AXIS2_PLACEMENT_3D('',#4263,#3442,#3443);
#2792=AXIS2_PLACEMENT_3D('',#4264,#3444,#3445);
#2793=AXIS2_PLACEMENT_3D('',#4266,#3446,#3447);
#2794=AXIS2_PLACEMENT_3D('',#4269,#3449,#3450);
#2795=AXIS2_PLACEMENT_3D('',#4270,#3451,#3452);
#2796=AXIS2_PLACEMENT_3D('',#4271,#3453,#3454);
#2797=AXIS2_PLACEMENT_3D('',#4273,#3455,#3456);
#2798=AXIS2_PLACEMENT_3D('',#4276,#3458,#3459);
#2799=AXIS2_PLACEMENT_3D('',#4277,#3460,#3461);
#2800=AXIS2_PLACEMENT_3D('',#4278,#3462,#3463);
#2801=AXIS2_PLACEMENT_3D('',#4280,#3464,#3465);
#2802=AXIS2_PLACEMENT_3D('',#4283,#3467,#3468);
#2803=AXIS2_PLACEMENT_3D('',#4284,#3469,#3470);
#2804=AXIS2_PLACEMENT_3D('',#4285,#3471,#3472);
#2805=AXIS2_PLACEMENT_3D('',#4287,#3473,#3474);
#2806=AXIS2_PLACEMENT_3D('',#4290,#3476,#3477);
#2807=AXIS2_PLACEMENT_3D('',#4291,#3478,#3479);
#2808=AXIS2_PLACEMENT_3D('',#4292,#3480,#3481);
#2809=AXIS2_PLACEMENT_3D('',#4294,#3482,#3483);
#2810=AXIS2_PLACEMENT_3D('',#4297,#3485,#3486);
#2811=AXIS2_PLACEMENT_3D('',#4298,#3487,#3488);
#2812=AXIS2_PLACEMENT_3D('',#4299,#3489,#3490);
#2813=AXIS2_PLACEMENT_3D('',#4301,#3491,#3492);
#2814=AXIS2_PLACEMENT_3D('',#4304,#3494,#3495);
#2815=AXIS2_PLACEMENT_3D('',#4305,#3496,#3497);
#2816=AXIS2_PLACEMENT_3D('',#4306,#3498,#3499);
#2817=AXIS2_PLACEMENT_3D('',#4308,#3500,#3501);
#2818=AXIS2_PLACEMENT_3D('',#4311,#3503,#3504);
#2819=AXIS2_PLACEMENT_3D('',#4312,#3505,#3506);
#2820=AXIS2_PLACEMENT_3D('',#4313,#3507,#3508);
#2821=AXIS2_PLACEMENT_3D('',#4315,#3509,#3510);
#2822=AXIS2_PLACEMENT_3D('',#4318,#3512,#3513);
#2823=AXIS2_PLACEMENT_3D('',#4319,#3514,#3515);
#2824=AXIS2_PLACEMENT_3D('',#4320,#3516,#3517);
#2825=AXIS2_PLACEMENT_3D('',#4322,#3518,#3519);
#2826=AXIS2_PLACEMENT_3D('',#4325,#3521,#3522);
#2827=AXIS2_PLACEMENT_3D('',#4326,#3523,#3524);
#2828=AXIS2_PLACEMENT_3D('',#4327,#3525,#3526);
#2829=AXIS2_PLACEMENT_3D('',#4329,#3527,#3528);
#2830=AXIS2_PLACEMENT_3D('',#4332,#3530,#3531);
#2831=AXIS2_PLACEMENT_3D('',#4333,#3532,#3533);
#2832=AXIS2_PLACEMENT_3D('',#4334,#3534,#3535);
#2833=AXIS2_PLACEMENT_3D('',#4336,#3536,#3537);
#2834=AXIS2_PLACEMENT_3D('',#4339,#3539,#3540);
#2835=AXIS2_PLACEMENT_3D('',#4340,#3541,#3542);
#2836=AXIS2_PLACEMENT_3D('',#4341,#3543,#3544);
#2837=AXIS2_PLACEMENT_3D('',#4343,#3545,#3546);
#2838=AXIS2_PLACEMENT_3D('',#4346,#3548,#3549);
#2839=AXIS2_PLACEMENT_3D('',#4347,#3550,#3551);
#2840=AXIS2_PLACEMENT_3D('',#4348,#3552,#3553);
#2841=AXIS2_PLACEMENT_3D('',#4350,#3554,#3555);
#2842=AXIS2_PLACEMENT_3D('',#4353,#3557,#3558);
#2843=AXIS2_PLACEMENT_3D('',#4354,#3559,#3560);
#2844=AXIS2_PLACEMENT_3D('',#4355,#3561,#3562);
#2845=AXIS2_PLACEMENT_3D('',#4357,#3563,#3564);
#2846=AXIS2_PLACEMENT_3D('',#4360,#3566,#3567);
#2847=AXIS2_PLACEMENT_3D('',#4361,#3568,#3569);
#2848=AXIS2_PLACEMENT_3D('',#4362,#3570,#3571);
#2849=AXIS2_PLACEMENT_3D('',#4364,#3572,#3573);
#2850=AXIS2_PLACEMENT_3D('',#4367,#3575,#3576);
#2851=AXIS2_PLACEMENT_3D('',#4368,#3577,#3578);
#2852=AXIS2_PLACEMENT_3D('',#4369,#3579,#3580);
#2853=AXIS2_PLACEMENT_3D('',#4371,#3581,#3582);
#2854=AXIS2_PLACEMENT_3D('',#4374,#3584,#3585);
#2855=AXIS2_PLACEMENT_3D('',#4375,#3586,#3587);
#2856=AXIS2_PLACEMENT_3D('',#4376,#3588,#3589);
#2857=AXIS2_PLACEMENT_3D('',#4378,#3590,#3591);
#2858=AXIS2_PLACEMENT_3D('',#4381,#3593,#3594);
#2859=AXIS2_PLACEMENT_3D('',#4382,#3595,#3596);
#2860=AXIS2_PLACEMENT_3D('',#4383,#3597,#3598);
#2861=AXIS2_PLACEMENT_3D('',#4385,#3599,#3600);
#2862=AXIS2_PLACEMENT_3D('',#4388,#3602,#3603);
#2863=AXIS2_PLACEMENT_3D('',#4389,#3604,#3605);
#2864=AXIS2_PLACEMENT_3D('',#4390,#3606,#3607);
#2865=AXIS2_PLACEMENT_3D('',#4392,#3608,#3609);
#2866=AXIS2_PLACEMENT_3D('',#4395,#3611,#3612);
#2867=AXIS2_PLACEMENT_3D('',#4396,#3613,#3614);
#2868=AXIS2_PLACEMENT_3D('',#4397,#3615,#3616);
#2869=AXIS2_PLACEMENT_3D('',#4399,#3617,#3618);
#2870=AXIS2_PLACEMENT_3D('',#4402,#3620,#3621);
#2871=AXIS2_PLACEMENT_3D('',#4403,#3622,#3623);
#2872=AXIS2_PLACEMENT_3D('',#4404,#3624,#3625);
#2873=AXIS2_PLACEMENT_3D('',#4406,#3626,#3627);
#2874=AXIS2_PLACEMENT_3D('',#4409,#3629,#3630);
#2875=AXIS2_PLACEMENT_3D('',#4410,#3631,#3632);
#2876=AXIS2_PLACEMENT_3D('',#4411,#3633,#3634);
#2877=AXIS2_PLACEMENT_3D('',#4413,#3635,#3636);
#2878=AXIS2_PLACEMENT_3D('',#4416,#3638,#3639);
#2879=AXIS2_PLACEMENT_3D('',#4417,#3640,#3641);
#2880=AXIS2_PLACEMENT_3D('',#4418,#3642,#3643);
#2881=AXIS2_PLACEMENT_3D('',#4420,#3644,#3645);
#2882=AXIS2_PLACEMENT_3D('',#4423,#3647,#3648);
#2883=AXIS2_PLACEMENT_3D('',#4424,#3649,#3650);
#2884=AXIS2_PLACEMENT_3D('',#4425,#3651,#3652);
#2885=AXIS2_PLACEMENT_3D('',#4427,#3653,#3654);
#2886=AXIS2_PLACEMENT_3D('',#4430,#3656,#3657);
#2887=AXIS2_PLACEMENT_3D('',#4431,#3658,#3659);
#2888=AXIS2_PLACEMENT_3D('',#4432,#3660,#3661);
#2889=AXIS2_PLACEMENT_3D('',#4434,#3662,#3663);
#2890=AXIS2_PLACEMENT_3D('',#4437,#3665,#3666);
#2891=AXIS2_PLACEMENT_3D('',#4438,#3667,#3668);
#2892=AXIS2_PLACEMENT_3D('',#4439,#3669,#3670);
#2893=AXIS2_PLACEMENT_3D('',#4441,#3671,#3672);
#2894=AXIS2_PLACEMENT_3D('',#4444,#3674,#3675);
#2895=AXIS2_PLACEMENT_3D('',#4445,#3676,#3677);
#2896=AXIS2_PLACEMENT_3D('',#4446,#3678,#3679);
#2897=AXIS2_PLACEMENT_3D('',#4448,#3680,#3681);
#2898=AXIS2_PLACEMENT_3D('',#4451,#3683,#3684);
#2899=AXIS2_PLACEMENT_3D('',#4452,#3685,#3686);
#2900=AXIS2_PLACEMENT_3D('',#4453,#3687,#3688);
#2901=AXIS2_PLACEMENT_3D('',#4455,#3689,#3690);
#2902=AXIS2_PLACEMENT_3D('',#4458,#3692,#3693);
#2903=AXIS2_PLACEMENT_3D('',#4459,#3694,#3695);
#2904=AXIS2_PLACEMENT_3D('',#4460,#3696,#3697);
#2905=AXIS2_PLACEMENT_3D('',#4462,#3698,#3699);
#2906=AXIS2_PLACEMENT_3D('',#4465,#3701,#3702);
#2907=AXIS2_PLACEMENT_3D('',#4466,#3703,#3704);
#2908=AXIS2_PLACEMENT_3D('',#4467,#3705,#3706);
#2909=AXIS2_PLACEMENT_3D('',#4469,#3707,#3708);
#2910=AXIS2_PLACEMENT_3D('',#4472,#3710,#3711);
#2911=AXIS2_PLACEMENT_3D('',#4473,#3712,#3713);
#2912=AXIS2_PLACEMENT_3D('',#4474,#3714,#3715);
#2913=AXIS2_PLACEMENT_3D('',#4476,#3716,#3717);
#2914=AXIS2_PLACEMENT_3D('',#4479,#3719,#3720);
#2915=AXIS2_PLACEMENT_3D('',#4480,#3721,#3722);
#2916=AXIS2_PLACEMENT_3D('',#4481,#3723,#3724);
#2917=AXIS2_PLACEMENT_3D('',#4483,#3725,#3726);
#2918=AXIS2_PLACEMENT_3D('',#4486,#3728,#3729);
#2919=AXIS2_PLACEMENT_3D('',#4487,#3730,#3731);
#2920=AXIS2_PLACEMENT_3D('',#4488,#3732,#3733);
#2921=AXIS2_PLACEMENT_3D('',#4490,#3734,#3735);
#2922=AXIS2_PLACEMENT_3D('',#4493,#3737,#3738);
#2923=AXIS2_PLACEMENT_3D('',#4494,#3739,#3740);
#2924=AXIS2_PLACEMENT_3D('',#4495,#3741,#3742);
#2925=AXIS2_PLACEMENT_3D('',#4497,#3743,#3744);
#2926=AXIS2_PLACEMENT_3D('',#4500,#3746,#3747);
#2927=AXIS2_PLACEMENT_3D('',#4501,#3748,#3749);
#2928=AXIS2_PLACEMENT_3D('',#4502,#3750,#3751);
#2929=AXIS2_PLACEMENT_3D('',#4504,#3752,#3753);
#2930=AXIS2_PLACEMENT_3D('',#4507,#3755,#3756);
#2931=AXIS2_PLACEMENT_3D('',#4508,#3757,#3758);
#2932=AXIS2_PLACEMENT_3D('',#4509,#3759,#3760);
#2933=AXIS2_PLACEMENT_3D('',#4511,#3761,#3762);
#2934=AXIS2_PLACEMENT_3D('',#4514,#3764,#3765);
#2935=AXIS2_PLACEMENT_3D('',#4515,#3766,#3767);
#2936=AXIS2_PLACEMENT_3D('',#4516,#3768,#3769);
#2937=AXIS2_PLACEMENT_3D('',#4518,#3770,#3771);
#2938=AXIS2_PLACEMENT_3D('',#4521,#3773,#3774);
#2939=AXIS2_PLACEMENT_3D('',#4522,#3775,#3776);
#2940=AXIS2_PLACEMENT_3D('',#4523,#3777,#3778);
#2941=AXIS2_PLACEMENT_3D('',#4525,#3779,#3780);
#2942=AXIS2_PLACEMENT_3D('',#4528,#3782,#3783);
#2943=AXIS2_PLACEMENT_3D('',#4529,#3784,#3785);
#2944=AXIS2_PLACEMENT_3D('',#4530,#3786,#3787);
#2945=AXIS2_PLACEMENT_3D('',#4532,#3788,#3789);
#2946=AXIS2_PLACEMENT_3D('',#4535,#3791,#3792);
#2947=AXIS2_PLACEMENT_3D('',#4536,#3793,#3794);
#2948=AXIS2_PLACEMENT_3D('',#4537,#3795,#3796);
#2949=AXIS2_PLACEMENT_3D('',#4540,#3797,#3798);
#2950=AXIS2_PLACEMENT_3D('',#4543,#3801,#3802);
#2951=AXIS2_PLACEMENT_3D('',#4547,#3805,#3806);
#2952=AXIS2_PLACEMENT_3D('',#4550,#3807,#3808);
#2953=AXIS2_PLACEMENT_3D('',#4553,#3811,#3812);
#2954=AXIS2_PLACEMENT_3D('',#4555,#3814,#3815);
#2955=AXIS2_PLACEMENT_3D('',#4558,#3816,#3817);
#2956=AXIS2_PLACEMENT_3D('',#4561,#3820,#3821);
#2957=AXIS2_PLACEMENT_3D('',#4563,#3823,#3824);
#2958=AXIS2_PLACEMENT_3D('',#4565,#3825,#3826);
#2959=AXIS2_PLACEMENT_3D('',#4567,#3828,#3829);
#2960=AXIS2_PLACEMENT_3D('',#4569,#3831,#3832);
#2961=AXIS2_PLACEMENT_3D('',#4570,#3833,#3834);
#2962=AXIS2_PLACEMENT_3D('',#4572,#3836,#3837);
#2963=AXIS2_PLACEMENT_3D('',#4574,#3839,#3840);
#2964=AXIS2_PLACEMENT_3D('',#4576,#3842,#3843);
#2965=AXIS2_PLACEMENT_3D('',#4577,#3844,#3845);
#2966=DIRECTION('axis',(0.,0.,1.));
#2967=DIRECTION('refdir',(1.,0.,0.));
#2968=DIRECTION('axis',(0.,0.,1.));
#2969=DIRECTION('refdir',(1.,0.,0.));
#2970=DIRECTION('center_axis',(0.,1.98068972494404E-15,1.));
#2971=DIRECTION('ref_axis',(-1.,-2.81441832930769E-42,0.));
#2972=DIRECTION('center_axis',(1.42092842400503E-27,1.98068972494406E-15,
1.));
#2973=DIRECTION('ref_axis',(-1.,-2.81441832930769E-42,0.));
#2974=DIRECTION('',(0.,1.98068972494404E-15,1.));
#2975=DIRECTION('center_axis',(1.42092842400503E-27,1.98068972494406E-15,
1.));
#2976=DIRECTION('ref_axis',(-1.,3.55268796143111E-58,1.42092842400503E-27));
#2977=DIRECTION('center_axis',(1.42092842400503E-27,1.98068972494406E-15,
1.));
#2978=DIRECTION('ref_axis',(-1.,3.55268796143111E-58,1.42092842400503E-27));
#2979=DIRECTION('center_axis',(0.,1.77635683940025E-15,1.));
#2980=DIRECTION('ref_axis',(0.707106781186548,-0.707106781186548,0.));
#2981=DIRECTION('center_axis',(0.,-1.77635683940025E-15,-1.));
#2982=DIRECTION('ref_axis',(0.707106781186548,-0.707106781186548,0.));
#2983=DIRECTION('',(0.,-1.77635683940025E-15,-1.));
#2984=DIRECTION('center_axis',(1.42092842400503E-27,1.98068972494406E-15,
1.));
#2985=DIRECTION('ref_axis',(0.707106781186548,-0.707106781186548,0.));
#2986=DIRECTION('',(0.,1.77635683940025E-15,1.));
#2987=DIRECTION('center_axis',(0.,1.77635683940025E-15,1.));
#2988=DIRECTION('ref_axis',(1.,0.,0.));
#2989=DIRECTION('',(-2.81441832930772E-42,1.,-1.98068972494406E-15));
#2990=DIRECTION('center_axis',(0.,-1.77635683940025E-15,-1.));
#2991=DIRECTION('ref_axis',(0.707106781186548,0.707106781186548,-4.18691322315672E-15));
#2992=DIRECTION('',(-1.,0.,1.42092842400503E-27));
#2993=DIRECTION('',(-1.33532226358654E-17,-1.,1.77635683940025E-15));
#2994=DIRECTION('',(1.,3.5779482320918E-16,-1.421637104535E-27));
#2995=DIRECTION('',(-3.15544362088405E-30,-1.,1.77635683940025E-15));
#2996=DIRECTION('center_axis',(0.,1.77635683940025E-15,1.));
#2997=DIRECTION('ref_axis',(0.707106781186548,-0.707106781186548,0.));
#2998=DIRECTION('',(-1.,0.,0.));
#2999=DIRECTION('center_axis',(0.,1.77635683940025E-15,1.));
#3000=DIRECTION('ref_axis',(-0.707106781186548,-0.707106781186548,0.));
#3001=DIRECTION('',(3.15544362088405E-30,1.,-1.77635683940025E-15));
#3002=DIRECTION('center_axis',(0.,1.77635683940025E-15,1.));
#3003=DIRECTION('ref_axis',(-0.707106781186548,0.707106781186548,0.));
#3004=DIRECTION('',(1.,0.,0.));
#3005=DIRECTION('center_axis',(0.,1.77635683940025E-15,1.));
#3006=DIRECTION('ref_axis',(0.707106781186548,0.707106781186548,0.));
#3007=DIRECTION('center_axis',(1.,2.81441832930772E-42,-4.99941124819919E-57));
#3008=DIRECTION('ref_axis',(-2.81441832930772E-42,1.,-1.98068972494406E-15));
#3009=DIRECTION('',(-2.81441832930772E-42,1.,-1.98068972494406E-15));
#3010=DIRECTION('',(0.,-1.77635683940025E-15,-1.));
#3011=DIRECTION('center_axis',(0.,1.77635683940025E-15,1.));
#3012=DIRECTION('ref_axis',(0.707106781186548,0.707106781186548,-4.18691322315672E-15));
#3013=DIRECTION('center_axis',(1.42092842400503E-27,1.98068972494406E-15,
1.));
#3014=DIRECTION('ref_axis',(0.707106781186548,0.707106781186548,-4.18691322315672E-15));
#3015=DIRECTION('',(0.,1.77635683940025E-15,1.));
#3016=DIRECTION('center_axis',(0.,1.77635683940025E-15,1.));
#3017=DIRECTION('ref_axis',(-0.707106781186548,0.707106781186548,0.));
#3018=DIRECTION('',(0.,-1.77635683940025E-15,-1.));
#3019=DIRECTION('center_axis',(1.42092842400503E-27,1.98068972494406E-15,
1.));
#3020=DIRECTION('ref_axis',(-0.707106781186548,0.707106781186548,0.));
#3021=DIRECTION('',(0.,1.77635683940025E-15,1.));
#3022=DIRECTION('center_axis',(0.300705799504273,-1.4117846902613E-15,-0.953716950748227));
#3023=DIRECTION('ref_axis',(-0.953716950748227,-1.42968260073448E-15,-0.300705799504273));
#3024=DIRECTION('center_axis',(0.573576436351045,-1.45510633638145E-15,
-0.819152044288993));
#3025=DIRECTION('ref_axis',(-0.57922796533957,0.707106781186546,-0.40557978767264));
#3026=DIRECTION('',(-0.573576436351045,1.45510633638145E-15,0.819152044288993));
#3027=DIRECTION('center_axis',(0.573576436351045,-1.03082615083852E-15,
-0.819152044288993));
#3028=DIRECTION('ref_axis',(-0.819152044288993,-1.48029736616687E-15,-0.573576436351045));
#3029=DIRECTION('',(0.573576436351045,-1.45510633638145E-15,-0.819152044288993));
#3030=DIRECTION('center_axis',(9.86076131526265E-32,-1.,1.75728646110926E-15));
#3031=DIRECTION('ref_axis',(-0.984807753012207,0.,0.173648177666936));
#3032=DIRECTION('center_axis',(3.6352492562538E-16,-1.,2.06165230167703E-15));
#3033=DIRECTION('ref_axis',(-0.573576436351039,1.48029736616687E-15,0.819152044288997));
#3034=DIRECTION('',(9.86076131526265E-32,-1.,1.75728646110926E-15));
#3035=DIRECTION('center_axis',(-1.21258861365121E-15,1.,-8.49063688025824E-16));
#3036=DIRECTION('ref_axis',(-0.819152044288993,-1.48029736616687E-15,-0.573576436351045));
#3037=DIRECTION('',(-2.11725619850957E-31,1.,-1.75728646110926E-15));
#3038=DIRECTION('center_axis',(0.,1.77635683940025E-15,1.));
#3039=DIRECTION('ref_axis',(-0.707106781186549,-0.707106781186546,4.18691322315673E-15));
#3040=DIRECTION('',(0.,-1.77635683940025E-15,-1.));
#3041=DIRECTION('center_axis',(1.42092842400503E-27,1.98068972494406E-15,
1.));
#3042=DIRECTION('ref_axis',(-0.707106781186549,-0.707106781186546,4.18691322315673E-15));
#3043=DIRECTION('',(0.,1.77635683940025E-15,1.));
#3044=DIRECTION('center_axis',(0.300705799504271,-1.41178469026131E-15,
-0.953716950748227));
#3045=DIRECTION('ref_axis',(-0.953716950748227,-1.42968260073448E-15,-0.300705799504271));
#3046=DIRECTION('center_axis',(-0.573576436351045,1.24988365674028E-15,
0.819152044288993));
#3047=DIRECTION('ref_axis',(-0.57922796533957,-0.707106781186548,-0.405579787672638));
#3048=DIRECTION('',(-0.573576436351045,1.24988365674028E-15,0.819152044288993));
#3049=DIRECTION('center_axis',(0.573576436351045,-1.81888292047681E-15,
-0.819152044288993));
#3050=DIRECTION('ref_axis',(0.,-1.,2.22044604925031E-15));
#3051=DIRECTION('',(0.573576436351045,-1.24988365674028E-15,-0.819152044288993));
#3052=DIRECTION('center_axis',(0.,0.,1.));
#3053=DIRECTION('ref_axis',(1.,0.,0.));
#3054=DIRECTION('center_axis',(-0.819152044288997,-1.31196478649881E-15,
-0.573576436351039));
#3055=DIRECTION('ref_axis',(-0.405579787672634,-0.707106781186546,0.579227965339575));
#3056=DIRECTION('center_axis',(0.,0.,1.));
#3057=DIRECTION('ref_axis',(1.,0.,0.));
#3058=DIRECTION('center_axis',(-0.819152044288997,-1.01887642563099E-15,
-0.573576436351039));
#3059=DIRECTION('ref_axis',(-0.405579787672634,0.707106781186549,0.579227965339571));
#3060=DIRECTION('center_axis',(-0.819152044288997,-1.01887642563099E-15,
-0.573576436351039));
#3061=DIRECTION('ref_axis',(-0.405579787672634,0.707106781186549,0.579227965339571));
#3062=DIRECTION('',(0.819152044288997,1.01887642563099E-15,0.573576436351039));
#3063=DIRECTION('center_axis',(-0.819152044288996,-1.00793810601098E-15,
-0.57357643635104));
#3064=DIRECTION('ref_axis',(-0.405579787672634,0.707106781186549,0.579227965339571));
#3065=DIRECTION('',(-0.819152044288997,-1.01887642563099E-15,-0.573576436351039));
#3066=DIRECTION('center_axis',(-0.573576436351039,1.43948479701902E-15,
0.819152044288997));
#3067=DIRECTION('ref_axis',(-0.819152044288997,-1.01887642563099E-15,-0.573576436351039));
#3068=DIRECTION('',(-0.819152044288997,-1.31196478649881E-15,-0.573576436351039));
#3069=DIRECTION('',(0.,-1.,1.75728646110926E-15));
#3070=DIRECTION('center_axis',(0.819152044288997,1.31196478649881E-15,0.573576436351039));
#3071=DIRECTION('ref_axis',(-0.405579787672634,-0.707106781186546,0.579227965339575));
#3072=DIRECTION('',(0.819152044288997,1.31196478649881E-15,0.573576436351039));
#3073=DIRECTION('center_axis',(-0.819152044288996,-1.00793810601098E-15,
-0.57357643635104));
#3074=DIRECTION('ref_axis',(-0.405579787672634,-0.707106781186546,0.579227965339575));
#3075=DIRECTION('center_axis',(3.5779482320918E-16,-1.,1.77635683940025E-15));
#3076=DIRECTION('ref_axis',(1.,3.5779482320918E-16,-1.421637104535E-27));
#3077=DIRECTION('',(0.57357643635104,-1.24988365674028E-15,-0.819152044288996));
#3078=DIRECTION('',(1.,3.5779482320918E-16,-1.421637104535E-27));
#3079=DIRECTION('center_axis',(-0.819152044288996,-1.12143739861127E-15,
-0.573576436351041));
#3080=DIRECTION('ref_axis',(-0.405579787672635,-0.707106781186546,0.579227965339574));
#3081=DIRECTION('center_axis',(0.819152044288996,1.00793810601098E-15,0.57357643635104));
#3082=DIRECTION('ref_axis',(-0.405579787672635,-0.707106781186546,0.579227965339574));
#3083=DIRECTION('',(-0.819152044288996,-1.12143739861127E-15,-0.573576436351041));
#3084=DIRECTION('center_axis',(-0.819152044288996,-1.05522471400394E-15,
-0.57357643635104));
#3085=DIRECTION('ref_axis',(-0.405579787672635,-0.707106781186546,0.579227965339574));
#3086=DIRECTION('',(0.819152044288996,1.12143739861127E-15,0.573576436351041));
#3087=DIRECTION('center_axis',(1.19589954795517E-16,-1.,1.7843742835309E-15));
#3088=DIRECTION('ref_axis',(-0.57357643635104,1.39307986203605E-15,0.819152044288996));
#3089=DIRECTION('',(-0.57357643635104,1.39307986203605E-15,0.819152044288996));
#3090=DIRECTION('',(-0.819152044288996,-1.12143739861127E-15,-0.573576436351041));
#3091=DIRECTION('',(0.57357643635104,-1.39307986203605E-15,-0.819152044288996));
#3092=DIRECTION('center_axis',(-0.819152044288996,-1.12143739861127E-15,
-0.573576436351041));
#3093=DIRECTION('ref_axis',(-0.405579787672634,0.707106781186549,0.579227965339571));
#3094=DIRECTION('center_axis',(0.819152044288996,1.00793810601098E-15,0.57357643635104));
#3095=DIRECTION('ref_axis',(-0.405579787672634,0.707106781186549,0.579227965339571));
#3096=DIRECTION('',(-0.819152044288996,-1.12143739861127E-15,-0.573576436351041));
#3097=DIRECTION('center_axis',(-0.819152044288996,-1.05522471400394E-15,
-0.57357643635104));
#3098=DIRECTION('ref_axis',(-0.405579787672634,0.707106781186549,0.579227965339571));
#3099=DIRECTION('',(0.819152044288996,1.12143739861127E-15,0.573576436351041));
#3100=DIRECTION('center_axis',(-0.573576436351041,8.58764204838315E-16,
0.819152044288996));
#3101=DIRECTION('ref_axis',(-3.32999967879431E-16,1.,-1.28152660673731E-15));
#3102=DIRECTION('',(3.71822569383603E-16,-1.,1.30871048496345E-15));
#3103=DIRECTION('',(-3.33087647778675E-16,1.,-1.28158800086371E-15));
#3104=DIRECTION('center_axis',(-0.819152044288993,-1.00793810601099E-15,
-0.573576436351045));
#3105=DIRECTION('ref_axis',(0.573576436351045,-1.45510633638145E-15,-0.819152044288993));
#3106=DIRECTION('',(-1.68088270193059E-16,-1.,1.98068972494406E-15));
#3107=DIRECTION('center_axis',(-0.819152044288993,-1.00793810601099E-15,
-0.573576436351045));
#3108=DIRECTION('ref_axis',(1.31773787743179E-15,-1.,5.36900516446882E-17));
#3109=DIRECTION('center_axis',(-0.819152044288993,-1.00793810601099E-15,
-0.573576436351045));
#3110=DIRECTION('ref_axis',(0.573576436351045,2.37717761715713E-15,-0.819152044288993));
#3111=DIRECTION('center_axis',(-0.819152044288993,-1.00793810601099E-15,
-0.573576436351045));
#3112=DIRECTION('ref_axis',(-1.31773787743179E-15,1.,-5.36900516446882E-17));
#3113=DIRECTION('center_axis',(-0.819152044288993,-1.00793810601099E-15,
-0.573576436351045));
#3114=DIRECTION('ref_axis',(-0.573576436351045,-7.11843080219389E-16,0.819152044288993));
#3115=DIRECTION('center_axis',(0.819152044288993,1.11022302462515E-15,0.573576436351045));
#3116=DIRECTION('ref_axis',(1.31773787743179E-15,-1.,5.36900516446882E-17));
#3117=DIRECTION('',(0.819152044288993,1.11022302462515E-15,0.573576436351045));
#3118=DIRECTION('center_axis',(0.819152044288996,1.03152225831169E-15,0.57357643635104));
#3119=DIRECTION('ref_axis',(1.31773787743179E-15,-1.,5.36900516446882E-17));
#3120=DIRECTION('',(0.819152044288993,1.11022302462515E-15,0.573576436351045));
#3121=DIRECTION('center_axis',(0.819152044288993,1.11022302462515E-15,0.573576436351045));
#3122=DIRECTION('ref_axis',(-0.573576436351045,-7.11843080219389E-16,0.819152044288993));
#3123=DIRECTION('',(0.819152044288993,1.11022302462515E-15,0.573576436351045));
#3124=DIRECTION('center_axis',(0.819152044288996,1.03152225831169E-15,0.57357643635104));
#3125=DIRECTION('ref_axis',(-0.573576436351045,-7.11843080219389E-16,0.819152044288993));
#3126=DIRECTION('center_axis',(0.819152044288993,1.11022302462515E-15,0.573576436351045));
#3127=DIRECTION('ref_axis',(-1.31773787743179E-15,1.,-5.36900516446882E-17));
#3128=DIRECTION('',(0.819152044288993,1.11022302462515E-15,0.573576436351045));
#3129=DIRECTION('center_axis',(0.819152044288996,1.03152225831169E-15,0.57357643635104));
#3130=DIRECTION('ref_axis',(-1.31773787743179E-15,1.,-5.36900516446882E-17));
#3131=DIRECTION('center_axis',(0.819152044288993,1.11022302462515E-15,0.573576436351045));
#3132=DIRECTION('ref_axis',(0.573576436351045,2.37717761715713E-15,-0.819152044288993));
#3133=DIRECTION('center_axis',(0.819152044288996,1.03152225831169E-15,0.57357643635104));
#3134=DIRECTION('ref_axis',(0.573576436351045,2.37717761715713E-15,-0.819152044288993));
#3135=DIRECTION('center_axis',(0.573576436351041,-1.25141602610274E-15,
-0.819152044288996));
#3136=DIRECTION('ref_axis',(1.07784135511837E-16,-1.,1.60316814881986E-15));
#3137=DIRECTION('',(-1.4660673701601E-16,1.,-1.630352027046E-15));
#3138=DIRECTION('',(1.07871815411082E-16,-1.,1.60322954294626E-15));
#3139=DIRECTION('',(-0.819152044288996,-1.12143739861127E-15,-0.573576436351041));
#3140=DIRECTION('center_axis',(-4.21423504798622E-16,1.,-1.35331130072606E-15));
#3141=DIRECTION('ref_axis',(0.57357643635104,-8.66849126472192E-16,-0.819152044288996));
#3142=DIRECTION('',(-0.57357643635104,8.66849126472192E-16,0.819152044288996));
#3143=DIRECTION('',(0.57357643635104,-8.66849126472193E-16,-0.819152044288996));
#3144=DIRECTION('center_axis',(-0.819152044288996,-1.03152225831169E-15,
-0.57357643635104));
#3145=DIRECTION('ref_axis',(-6.05023701270952E-17,1.,-1.71199783656518E-15));
#3146=DIRECTION('',(-1.27637715571595E-16,-1.,1.98068972494406E-15));
#3147=DIRECTION('',(0.57357643635104,-1.38300777102516E-15,-0.819152044288996));
#3148=DIRECTION('',(6.05023701270952E-17,-1.,1.71199783656518E-15));
#3149=DIRECTION('',(0.57357643635104,-1.38300777102516E-15,-0.819152044288996));
#3150=DIRECTION('center_axis',(9.72766924439313E-16,-1.,2.3694794763406E-15));
#3151=DIRECTION('ref_axis',(-0.819152044288996,-2.15592160881755E-15,-0.57357643635104));
#3152=DIRECTION('',(1.,9.72766924439313E-16,-1.42285517345703E-27));
#3153=DIRECTION('',(0.819152044288996,2.15592160881755E-15,0.57357643635104));
#3154=DIRECTION('',(0.57357643635104,-1.38300777102516E-15,-0.819152044288996));
#3155=DIRECTION('center_axis',(0.819152044288996,1.05522471400394E-15,0.57357643635104));
#3156=DIRECTION('ref_axis',(7.65495624025275E-17,-1.,1.73040404132823E-15));
#3157=DIRECTION('',(9.87023599712486E-17,1.,-1.98068972494406E-15));
#3158=DIRECTION('',(-7.65495624025275E-17,1.,-1.73040404132823E-15));
#3159=DIRECTION('',(0.57357643635104,-1.38300777102516E-15,-0.819152044288996));
#3160=DIRECTION('center_axis',(-6.16957526865881E-15,1.,-6.00832385359416E-15));
#3161=DIRECTION('ref_axis',(0.819152044288996,8.50005317810418E-15,0.57357643635104));
#3162=DIRECTION('',(-1.,-6.16957526865881E-15,1.43314843834693E-27));
#3163=DIRECTION('',(-0.819152044288996,-8.50005317810418E-15,-0.57357643635104));
#3164=DIRECTION('center_axis',(-0.57357643635104,1.37355698269288E-15,0.819152044288996));
#3165=DIRECTION('ref_axis',(-2.48635122221468E-15,-1.,-6.41584077442963E-17));
#3166=DIRECTION('center_axis',(1.,-3.67238691577788E-13,7.41303365314436E-28));
#3167=DIRECTION('ref_axis',(3.67238691577788E-13,1.,-2.22044604925031E-15));
#3168=DIRECTION('',(-3.67238691577788E-13,-1.,1.77635683940025E-15));
#3169=DIRECTION('',(0.,2.27091073218817E-15,1.));
#3170=DIRECTION('',(-3.67238691577788E-13,-1.,0.));
#3171=DIRECTION('',(0.,2.27091073218817E-15,1.));
#3172=DIRECTION('center_axis',(-1.,-2.99542152215672E-15,6.04651989519388E-30));
#3173=DIRECTION('ref_axis',(2.99542152215672E-15,-1.,2.22044604925031E-15));
#3174=DIRECTION('',(-2.99542152215672E-15,1.,-1.77635683940025E-15));
#3175=DIRECTION('',(0.,2.27091073218817E-15,1.));
#3176=DIRECTION('',(-2.99542152215672E-15,1.,0.));
#3177=DIRECTION('',(0.,2.27091073218817E-15,1.));
#3178=DIRECTION('center_axis',(0.,2.27091073218817E-15,1.));
#3179=DIRECTION('ref_axis',(-1.,0.,0.));
#3180=DIRECTION('center_axis',(0.,0.,-1.));
#3181=DIRECTION('ref_axis',(-1.,0.,0.));
#3182=DIRECTION('center_axis',(0.,-1.77635683940025E-15,-1.));
#3183=DIRECTION('ref_axis',(-1.,0.,0.));
#3184=DIRECTION('center_axis',(0.,2.27091073218817E-15,1.));
#3185=DIRECTION('ref_axis',(-1.,0.,0.));
#3186=DIRECTION('center_axis',(0.,-1.77635683940025E-15,-1.));
#3187=DIRECTION('ref_axis',(-1.,0.,0.));
#3188=DIRECTION('',(0.,-2.27091073218817E-15,-1.));
#3189=DIRECTION('center_axis',(0.,0.,-1.));
#3190=DIRECTION('ref_axis',(-1.,0.,0.));
#3191=DIRECTION('center_axis',(0.,1.77635683940025E-15,1.));
#3192=DIRECTION('ref_axis',(1.,0.,0.));
#3193=DIRECTION('center_axis',(0.,2.27091073218817E-15,1.));
#3194=DIRECTION('ref_axis',(-1.,0.,0.));
#3195=DIRECTION('center_axis',(0.,-1.77635683940025E-15,-1.));
#3196=DIRECTION('ref_axis',(-1.,0.,0.));
#3197=DIRECTION('',(0.,-2.27091073218817E-15,-1.));
#3198=DIRECTION('center_axis',(0.,0.,-1.));
#3199=DIRECTION('ref_axis',(-1.,0.,0.));
#3200=DIRECTION('center_axis',(0.,1.77635683940025E-15,1.));
#3201=DIRECTION('ref_axis',(1.,0.,0.));
#3202=DIRECTION('center_axis',(0.,2.27091073218817E-15,1.));
#3203=DIRECTION('ref_axis',(-1.,0.,0.));
#3204=DIRECTION('center_axis',(0.,-1.77635683940025E-15,-1.));
#3205=DIRECTION('ref_axis',(-1.,0.,0.));
#3206=DIRECTION('',(0.,-2.27091073218817E-15,-1.));
#3207=DIRECTION('center_axis',(0.,0.,-1.));
#3208=DIRECTION('ref_axis',(-1.,0.,0.));
#3209=DIRECTION('center_axis',(0.,1.77635683940025E-15,1.));
#3210=DIRECTION('ref_axis',(1.,0.,0.));
#3211=DIRECTION('center_axis',(0.,2.27091073218817E-15,1.));
#3212=DIRECTION('ref_axis',(-1.,0.,0.));
#3213=DIRECTION('center_axis',(0.,-1.77635683940025E-15,-1.));
#3214=DIRECTION('ref_axis',(-1.,0.,0.));
#3215=DIRECTION('',(0.,-2.27091073218817E-15,-1.));
#3216=DIRECTION('center_axis',(0.,0.,-1.));
#3217=DIRECTION('ref_axis',(-1.,0.,0.));
#3218=DIRECTION('center_axis',(0.,1.77635683940025E-15,1.));
#3219=DIRECTION('ref_axis',(1.,0.,0.));
#3220=DIRECTION('center_axis',(0.,2.27091073218817E-15,1.));
#3221=DIRECTION('ref_axis',(-1.,0.,0.));
#3222=DIRECTION('center_axis',(0.,-1.77635683940025E-15,-1.));
#3223=DIRECTION('ref_axis',(-1.,0.,0.));
#3224=DIRECTION('',(0.,-2.27091073218817E-15,-1.));
#3225=DIRECTION('center_axis',(0.,0.,-1.));
#3226=DIRECTION('ref_axis',(-1.,0.,0.));
#3227=DIRECTION('center_axis',(0.,1.77635683940025E-15,1.));
#3228=DIRECTION('ref_axis',(1.,0.,0.));
#3229=DIRECTION('center_axis',(0.,2.27091073218817E-15,1.));
#3230=DIRECTION('ref_axis',(-1.,0.,0.));
#3231=DIRECTION('center_axis',(0.,-1.77635683940025E-15,-1.));
#3232=DIRECTION('ref_axis',(-1.,0.,0.));
#3233=DIRECTION('',(0.,-2.27091073218817E-15,-1.));
#3234=DIRECTION('center_axis',(0.,0.,-1.));
#3235=DIRECTION('ref_axis',(-1.,0.,0.));
#3236=DIRECTION('center_axis',(0.,1.77635683940025E-15,1.));
#3237=DIRECTION('ref_axis',(1.,0.,0.));
#3238=DIRECTION('center_axis',(0.,2.27091073218817E-15,1.));
#3239=DIRECTION('ref_axis',(-1.,0.,0.));
#3240=DIRECTION('center_axis',(0.,-1.77635683940025E-15,-1.));
#3241=DIRECTION('ref_axis',(-1.,0.,0.));
#3242=DIRECTION('',(0.,-2.27091073218817E-15,-1.));
#3243=DIRECTION('center_axis',(0.,0.,-1.));
#3244=DIRECTION('ref_axis',(-1.,0.,0.));
#3245=DIRECTION('center_axis',(0.,1.77635683940025E-15,1.));
#3246=DIRECTION('ref_axis',(1.,0.,0.));
#3247=DIRECTION('center_axis',(0.,2.27091073218817E-15,1.));
#3248=DIRECTION('ref_axis',(-1.,0.,0.));
#3249=DIRECTION('center_axis',(0.,-1.77635683940025E-15,-1.));
#3250=DIRECTION('ref_axis',(-1.,0.,0.));
#3251=DIRECTION('',(0.,-2.27091073218817E-15,-1.));
#3252=DIRECTION('center_axis',(0.,0.,-1.));
#3253=DIRECTION('ref_axis',(-1.,0.,0.));
#3254=DIRECTION('center_axis',(0.,1.77635683940025E-15,1.));
#3255=DIRECTION('ref_axis',(1.,0.,0.));
#3256=DIRECTION('center_axis',(0.,2.27091073218817E-15,1.));
#3257=DIRECTION('ref_axis',(-1.,0.,0.));
#3258=DIRECTION('center_axis',(0.,-1.77635683940025E-15,-1.));
#3259=DIRECTION('ref_axis',(-1.,0.,0.));
#3260=DIRECTION('',(0.,-2.27091073218817E-15,-1.));
#3261=DIRECTION('center_axis',(0.,0.,-1.));
#3262=DIRECTION('ref_axis',(-1.,0.,0.));
#3263=DIRECTION('center_axis',(0.,1.77635683940025E-15,1.));
#3264=DIRECTION('ref_axis',(1.,0.,0.));
#3265=DIRECTION('center_axis',(0.,2.27091073218817E-15,1.));
#3266=DIRECTION('ref_axis',(-1.,0.,0.));
#3267=DIRECTION('center_axis',(0.,-1.77635683940025E-15,-1.));
#3268=DIRECTION('ref_axis',(-1.,0.,0.));
#3269=DIRECTION('',(0.,-2.27091073218817E-15,-1.));
#3270=DIRECTION('center_axis',(0.,0.,-1.));
#3271=DIRECTION('ref_axis',(-1.,0.,0.));
#3272=DIRECTION('center_axis',(0.,1.77635683940025E-15,1.));
#3273=DIRECTION('ref_axis',(1.,0.,0.));
#3274=DIRECTION('center_axis',(0.,2.27091073218817E-15,1.));
#3275=DIRECTION('ref_axis',(-1.,0.,0.));
#3276=DIRECTION('center_axis',(0.,-1.77635683940025E-15,-1.));
#3277=DIRECTION('ref_axis',(-1.,0.,0.));
#3278=DIRECTION('',(0.,-2.27091073218817E-15,-1.));
#3279=DIRECTION('center_axis',(0.,0.,-1.));
#3280=DIRECTION('ref_axis',(-1.,0.,0.));
#3281=DIRECTION('center_axis',(0.,1.77635683940025E-15,1.));
#3282=DIRECTION('ref_axis',(1.,0.,0.));
#3283=DIRECTION('center_axis',(0.,2.27091073218817E-15,1.));
#3284=DIRECTION('ref_axis',(-1.,0.,0.));
#3285=DIRECTION('center_axis',(0.,-1.77635683940025E-15,-1.));
#3286=DIRECTION('ref_axis',(-1.,0.,0.));
#3287=DIRECTION('',(0.,-2.27091073218817E-15,-1.));
#3288=DIRECTION('center_axis',(0.,0.,-1.));
#3289=DIRECTION('ref_axis',(-1.,0.,0.));
#3290=DIRECTION('center_axis',(0.,1.77635683940025E-15,1.));
#3291=DIRECTION('ref_axis',(1.,0.,0.));
#3292=DIRECTION('center_axis',(0.,1.77635683940025E-15,1.));
#3293=DIRECTION('ref_axis',(1.,0.,0.));
#3294=DIRECTION('center_axis',(0.,-1.77635683940025E-15,-1.));
#3295=DIRECTION('ref_axis',(-1.,0.,0.));
#3296=DIRECTION('center_axis',(0.,2.27091073218817E-15,1.));
#3297=DIRECTION('ref_axis',(-1.,0.,0.));
#3298=DIRECTION('center_axis',(0.,-1.77635683940025E-15,-1.));
#3299=DIRECTION('ref_axis',(-1.,0.,0.));
#3300=DIRECTION('',(0.,-2.27091073218817E-15,-1.));
#3301=DIRECTION('center_axis',(0.,0.,-1.));
#3302=DIRECTION('ref_axis',(-1.,0.,0.));
#3303=DIRECTION('center_axis',(0.,1.77635683940025E-15,1.));
#3304=DIRECTION('ref_axis',(1.,0.,0.));
#3305=DIRECTION('center_axis',(0.,2.27091073218817E-15,1.));
#3306=DIRECTION('ref_axis',(-1.,0.,0.));
#3307=DIRECTION('center_axis',(0.,-1.77635683940025E-15,-1.));
#3308=DIRECTION('ref_axis',(-1.,0.,0.));
#3309=DIRECTION('',(0.,-2.27091073218817E-15,-1.));
#3310=DIRECTION('center_axis',(0.,0.,-1.));
#3311=DIRECTION('ref_axis',(-1.,0.,0.));
#3312=DIRECTION('center_axis',(0.,1.77635683940025E-15,1.));
#3313=DIRECTION('ref_axis',(1.,0.,0.));
#3314=DIRECTION('center_axis',(0.,2.27091073218817E-15,1.));
#3315=DIRECTION('ref_axis',(-1.,0.,0.));
#3316=DIRECTION('center_axis',(0.,-1.77635683940025E-15,-1.));
#3317=DIRECTION('ref_axis',(-1.,0.,0.));
#3318=DIRECTION('',(0.,-2.27091073218817E-15,-1.));
#3319=DIRECTION('center_axis',(0.,0.,-1.));
#3320=DIRECTION('ref_axis',(-1.,0.,0.));
#3321=DIRECTION('center_axis',(0.,1.77635683940025E-15,1.));
#3322=DIRECTION('ref_axis',(1.,0.,0.));
#3323=DIRECTION('center_axis',(0.,2.27091073218817E-15,1.));
#3324=DIRECTION('ref_axis',(-1.,0.,0.));
#3325=DIRECTION('center_axis',(0.,-1.77635683940025E-15,-1.));
#3326=DIRECTION('ref_axis',(-1.,0.,0.));
#3327=DIRECTION('',(0.,-2.27091073218817E-15,-1.));
#3328=DIRECTION('center_axis',(0.,0.,-1.));
#3329=DIRECTION('ref_axis',(-1.,0.,0.));
#3330=DIRECTION('center_axis',(0.,1.77635683940025E-15,1.));
#3331=DIRECTION('ref_axis',(1.,0.,0.));
#3332=DIRECTION('center_axis',(0.,2.27091073218817E-15,1.));
#3333=DIRECTION('ref_axis',(-1.,0.,0.));
#3334=DIRECTION('center_axis',(0.,-1.77635683940025E-15,-1.));
#3335=DIRECTION('ref_axis',(-1.,0.,0.));
#3336=DIRECTION('',(0.,-2.27091073218817E-15,-1.));
#3337=DIRECTION('center_axis',(0.,0.,-1.));
#3338=DIRECTION('ref_axis',(-1.,0.,0.));
#3339=DIRECTION('center_axis',(0.,1.77635683940025E-15,1.));
#3340=DIRECTION('ref_axis',(1.,0.,0.));
#3341=DIRECTION('center_axis',(0.,2.27091073218817E-15,1.));
#3342=DIRECTION('ref_axis',(-1.,0.,0.));
#3343=DIRECTION('center_axis',(0.,-1.77635683940025E-15,-1.));
#3344=DIRECTION('ref_axis',(-1.,0.,0.));
#3345=DIRECTION('',(0.,-2.27091073218817E-15,-1.));
#3346=DIRECTION('center_axis',(0.,0.,-1.));
#3347=DIRECTION('ref_axis',(-1.,0.,0.));
#3348=DIRECTION('center_axis',(0.,1.77635683940025E-15,1.));
#3349=DIRECTION('ref_axis',(1.,0.,0.));
#3350=DIRECTION('center_axis',(0.,2.27091073218817E-15,1.));
#3351=DIRECTION('ref_axis',(-1.,0.,0.));
#3352=DIRECTION('center_axis',(0.,-1.77635683940025E-15,-1.));
#3353=DIRECTION('ref_axis',(-1.,0.,0.));
#3354=DIRECTION('',(0.,-2.27091073218817E-15,-1.));
#3355=DIRECTION('center_axis',(0.,0.,-1.));
#3356=DIRECTION('ref_axis',(-1.,0.,0.));
#3357=DIRECTION('center_axis',(0.,1.77635683940025E-15,1.));
#3358=DIRECTION('ref_axis',(1.,0.,0.));
#3359=DIRECTION('center_axis',(0.,2.27091073218817E-15,1.));
#3360=DIRECTION('ref_axis',(-1.,0.,0.));
#3361=DIRECTION('center_axis',(0.,0.,-1.));
#3362=DIRECTION('ref_axis',(-1.,0.,0.));
#3363=DIRECTION('center_axis',(0.,2.27091073218817E-15,1.));
#3364=DIRECTION('ref_axis',(-1.,0.,0.));
#3365=DIRECTION('center_axis',(0.,-1.77635683940025E-15,-1.));
#3366=DIRECTION('ref_axis',(-1.,0.,0.));
#3367=DIRECTION('',(0.,-2.27091073218817E-15,-1.));
#3368=DIRECTION('center_axis',(0.,0.,-1.));
#3369=DIRECTION('ref_axis',(-1.,0.,0.));
#3370=DIRECTION('center_axis',(0.,1.77635683940025E-15,1.));
#3371=DIRECTION('ref_axis',(1.,0.,0.));
#3372=DIRECTION('center_axis',(0.,2.27091073218817E-15,1.));
#3373=DIRECTION('ref_axis',(-1.,0.,0.));
#3374=DIRECTION('center_axis',(0.,-1.77635683940025E-15,-1.));
#3375=DIRECTION('ref_axis',(-1.,0.,0.));
#3376=DIRECTION('',(0.,-2.27091073218817E-15,-1.));
#3377=DIRECTION('center_axis',(0.,0.,-1.));
#3378=DIRECTION('ref_axis',(-1.,0.,0.));
#3379=DIRECTION('center_axis',(0.,1.77635683940025E-15,1.));
#3380=DIRECTION('ref_axis',(1.,0.,0.));
#3381=DIRECTION('center_axis',(0.,2.27091073218817E-15,1.));
#3382=DIRECTION('ref_axis',(-1.,0.,0.));
#3383=DIRECTION('center_axis',(0.,-1.77635683940025E-15,-1.));
#3384=DIRECTION('ref_axis',(-1.,0.,0.));
#3385=DIRECTION('',(0.,-2.27091073218817E-15,-1.));
#3386=DIRECTION('center_axis',(0.,0.,-1.));
#3387=DIRECTION('ref_axis',(-1.,0.,0.));
#3388=DIRECTION('center_axis',(0.,1.77635683940025E-15,1.));
#3389=DIRECTION('ref_axis',(1.,0.,0.));
#3390=DIRECTION('center_axis',(0.,2.27091073218817E-15,1.));
#3391=DIRECTION('ref_axis',(-1.,0.,0.));
#3392=DIRECTION('center_axis',(0.,-1.77635683940025E-15,-1.));
#3393=DIRECTION('ref_axis',(-1.,0.,0.));
#3394=DIRECTION('',(0.,-2.27091073218817E-15,-1.));
#3395=DIRECTION('center_axis',(0.,0.,-1.));
#3396=DIRECTION('ref_axis',(-1.,0.,0.));
#3397=DIRECTION('center_axis',(0.,1.77635683940025E-15,1.));
#3398=DIRECTION('ref_axis',(1.,0.,0.));
#3399=DIRECTION('center_axis',(0.,2.27091073218817E-15,1.));
#3400=DIRECTION('ref_axis',(-1.,0.,0.));
#3401=DIRECTION('center_axis',(0.,-1.77635683940025E-15,-1.));
#3402=DIRECTION('ref_axis',(-1.,0.,0.));
#3403=DIRECTION('',(0.,-2.27091073218817E-15,-1.));
#3404=DIRECTION('center_axis',(0.,0.,-1.));
#3405=DIRECTION('ref_axis',(-1.,0.,0.));
#3406=DIRECTION('center_axis',(0.,1.77635683940025E-15,1.));
#3407=DIRECTION('ref_axis',(1.,0.,0.));
#3408=DIRECTION('center_axis',(0.,2.27091073218817E-15,1.));
#3409=DIRECTION('ref_axis',(-1.,0.,0.));
#3410=DIRECTION('center_axis',(0.,-1.77635683940025E-15,-1.));
#3411=DIRECTION('ref_axis',(-1.,0.,0.));
#3412=DIRECTION('',(0.,-2.27091073218817E-15,-1.));
#3413=DIRECTION('center_axis',(0.,0.,-1.));
#3414=DIRECTION('ref_axis',(-1.,0.,0.));
#3415=DIRECTION('center_axis',(0.,1.77635683940025E-15,1.));
#3416=DIRECTION('ref_axis',(1.,0.,0.));
#3417=DIRECTION('center_axis',(0.,2.27091073218817E-15,1.));
#3418=DIRECTION('ref_axis',(-1.,0.,0.));
#3419=DIRECTION('center_axis',(0.,-1.77635683940025E-15,-1.));
#3420=DIRECTION('ref_axis',(-1.,0.,0.));
#3421=DIRECTION('',(0.,-2.27091073218817E-15,-1.));
#3422=DIRECTION('center_axis',(0.,0.,-1.));
#3423=DIRECTION('ref_axis',(-1.,0.,0.));
#3424=DIRECTION('center_axis',(0.,1.77635683940025E-15,1.));
#3425=DIRECTION('ref_axis',(1.,0.,0.));
#3426=DIRECTION('center_axis',(0.,2.27091073218817E-15,1.));
#3427=DIRECTION('ref_axis',(-1.,0.,0.));
#3428=DIRECTION('center_axis',(0.,-1.77635683940025E-15,-1.));
#3429=DIRECTION('ref_axis',(-1.,0.,0.));
#3430=DIRECTION('',(0.,-2.27091073218817E-15,-1.));
#3431=DIRECTION('center_axis',(0.,0.,-1.));
#3432=DIRECTION('ref_axis',(-1.,0.,0.));
#3433=DIRECTION('center_axis',(0.,1.77635683940025E-15,1.));
#3434=DIRECTION('ref_axis',(1.,0.,0.));
#3435=DIRECTION('center_axis',(0.,2.27091073218817E-15,1.));
#3436=DIRECTION('ref_axis',(-1.,0.,0.));
#3437=DIRECTION('center_axis',(0.,-1.77635683940025E-15,-1.));
#3438=DIRECTION('ref_axis',(-1.,0.,0.));
#3439=DIRECTION('',(0.,-2.27091073218817E-15,-1.));
#3440=DIRECTION('center_axis',(0.,0.,-1.));
#3441=DIRECTION('ref_axis',(-1.,0.,0.));
#3442=DIRECTION('center_axis',(0.,1.77635683940025E-15,1.));
#3443=DIRECTION('ref_axis',(1.,0.,0.));
#3444=DIRECTION('center_axis',(0.,2.27091073218817E-15,1.));
#3445=DIRECTION('ref_axis',(-1.,0.,0.));
#3446=DIRECTION('center_axis',(0.,-1.77635683940025E-15,-1.));
#3447=DIRECTION('ref_axis',(-1.,0.,0.));
#3448=DIRECTION('',(0.,-2.27091073218817E-15,-1.));
#3449=DIRECTION('center_axis',(0.,0.,-1.));
#3450=DIRECTION('ref_axis',(-1.,0.,0.));
#3451=DIRECTION('center_axis',(0.,1.77635683940025E-15,1.));
#3452=DIRECTION('ref_axis',(1.,0.,0.));
#3453=DIRECTION('center_axis',(0.,2.27091073218817E-15,1.));
#3454=DIRECTION('ref_axis',(-1.,0.,0.));
#3455=DIRECTION('center_axis',(0.,-1.77635683940025E-15,-1.));
#3456=DIRECTION('ref_axis',(-1.,0.,0.));
#3457=DIRECTION('',(0.,-2.27091073218817E-15,-1.));
#3458=DIRECTION('center_axis',(0.,0.,-1.));
#3459=DIRECTION('ref_axis',(-1.,0.,0.));
#3460=DIRECTION('center_axis',(0.,1.77635683940025E-15,1.));
#3461=DIRECTION('ref_axis',(1.,0.,0.));
#3462=DIRECTION('center_axis',(0.,2.27091073218817E-15,1.));
#3463=DIRECTION('ref_axis',(-1.,0.,0.));
#3464=DIRECTION('center_axis',(0.,-1.77635683940025E-15,-1.));
#3465=DIRECTION('ref_axis',(-1.,0.,0.));
#3466=DIRECTION('',(0.,-2.27091073218817E-15,-1.));
#3467=DIRECTION('center_axis',(0.,0.,-1.));
#3468=DIRECTION('ref_axis',(-1.,0.,0.));
#3469=DIRECTION('center_axis',(0.,1.77635683940025E-15,1.));
#3470=DIRECTION('ref_axis',(1.,0.,0.));
#3471=DIRECTION('center_axis',(0.,2.27091073218817E-15,1.));
#3472=DIRECTION('ref_axis',(-1.,0.,0.));
#3473=DIRECTION('center_axis',(0.,-1.77635683940025E-15,-1.));
#3474=DIRECTION('ref_axis',(-1.,0.,0.));
#3475=DIRECTION('',(0.,-2.27091073218817E-15,-1.));
#3476=DIRECTION('center_axis',(0.,0.,-1.));
#3477=DIRECTION('ref_axis',(-1.,0.,0.));
#3478=DIRECTION('center_axis',(0.,1.77635683940025E-15,1.));
#3479=DIRECTION('ref_axis',(1.,0.,0.));
#3480=DIRECTION('center_axis',(0.,2.27091073218817E-15,1.));
#3481=DIRECTION('ref_axis',(-1.,0.,0.));
#3482=DIRECTION('center_axis',(0.,-1.77635683940025E-15,-1.));
#3483=DIRECTION('ref_axis',(-1.,0.,0.));
#3484=DIRECTION('',(0.,-2.27091073218817E-15,-1.));
#3485=DIRECTION('center_axis',(0.,0.,-1.));
#3486=DIRECTION('ref_axis',(-1.,0.,0.));
#3487=DIRECTION('center_axis',(0.,1.77635683940025E-15,1.));
#3488=DIRECTION('ref_axis',(1.,0.,0.));
#3489=DIRECTION('center_axis',(0.,2.27091073218817E-15,1.));
#3490=DIRECTION('ref_axis',(-1.,0.,0.));
#3491=DIRECTION('center_axis',(0.,-1.77635683940025E-15,-1.));
#3492=DIRECTION('ref_axis',(-1.,0.,0.));
#3493=DIRECTION('',(0.,-2.27091073218817E-15,-1.));
#3494=DIRECTION('center_axis',(0.,0.,-1.));
#3495=DIRECTION('ref_axis',(-1.,0.,0.));
#3496=DIRECTION('center_axis',(0.,1.77635683940025E-15,1.));
#3497=DIRECTION('ref_axis',(1.,0.,0.));
#3498=DIRECTION('center_axis',(0.,2.27091073218817E-15,1.));
#3499=DIRECTION('ref_axis',(-1.,0.,0.));
#3500=DIRECTION('center_axis',(0.,-1.77635683940025E-15,-1.));
#3501=DIRECTION('ref_axis',(-1.,0.,0.));
#3502=DIRECTION('',(0.,-2.27091073218817E-15,-1.));
#3503=DIRECTION('center_axis',(0.,0.,-1.));
#3504=DIRECTION('ref_axis',(-1.,0.,0.));
#3505=DIRECTION('center_axis',(0.,1.77635683940025E-15,1.));
#3506=DIRECTION('ref_axis',(1.,0.,0.));
#3507=DIRECTION('center_axis',(0.,2.27091073218817E-15,1.));
#3508=DIRECTION('ref_axis',(-1.,0.,0.));
#3509=DIRECTION('center_axis',(0.,-1.77635683940025E-15,-1.));
#3510=DIRECTION('ref_axis',(-1.,0.,0.));
#3511=DIRECTION('',(0.,-2.27091073218817E-15,-1.));
#3512=DIRECTION('center_axis',(0.,0.,-1.));
#3513=DIRECTION('ref_axis',(-1.,0.,0.));
#3514=DIRECTION('center_axis',(0.,1.77635683940025E-15,1.));
#3515=DIRECTION('ref_axis',(1.,0.,0.));
#3516=DIRECTION('center_axis',(0.,2.27091073218817E-15,1.));
#3517=DIRECTION('ref_axis',(-1.,0.,0.));
#3518=DIRECTION('center_axis',(0.,-1.77635683940025E-15,-1.));
#3519=DIRECTION('ref_axis',(-1.,0.,0.));
#3520=DIRECTION('',(0.,-2.27091073218817E-15,-1.));
#3521=DIRECTION('center_axis',(0.,0.,-1.));
#3522=DIRECTION('ref_axis',(-1.,0.,0.));
#3523=DIRECTION('center_axis',(0.,1.77635683940025E-15,1.));
#3524=DIRECTION('ref_axis',(1.,0.,0.));
#3525=DIRECTION('center_axis',(0.,2.27091073218817E-15,1.));
#3526=DIRECTION('ref_axis',(-1.,0.,0.));
#3527=DIRECTION('center_axis',(0.,-1.77635683940025E-15,-1.));
#3528=DIRECTION('ref_axis',(-1.,0.,0.));
#3529=DIRECTION('',(0.,-2.27091073218817E-15,-1.));
#3530=DIRECTION('center_axis',(0.,0.,-1.));
#3531=DIRECTION('ref_axis',(-1.,0.,0.));
#3532=DIRECTION('center_axis',(0.,1.77635683940025E-15,1.));
#3533=DIRECTION('ref_axis',(1.,0.,0.));
#3534=DIRECTION('center_axis',(0.,2.27091073218817E-15,1.));
#3535=DIRECTION('ref_axis',(-1.,0.,0.));
#3536=DIRECTION('center_axis',(0.,-1.77635683940025E-15,-1.));
#3537=DIRECTION('ref_axis',(-1.,0.,0.));
#3538=DIRECTION('',(0.,-2.27091073218817E-15,-1.));
#3539=DIRECTION('center_axis',(0.,0.,-1.));
#3540=DIRECTION('ref_axis',(-1.,0.,0.));
#3541=DIRECTION('center_axis',(0.,1.77635683940025E-15,1.));
#3542=DIRECTION('ref_axis',(1.,0.,0.));
#3543=DIRECTION('center_axis',(0.,2.27091073218817E-15,1.));
#3544=DIRECTION('ref_axis',(-1.,0.,0.));
#3545=DIRECTION('center_axis',(0.,-1.77635683940025E-15,-1.));
#3546=DIRECTION('ref_axis',(-1.,0.,0.));
#3547=DIRECTION('',(0.,-2.27091073218817E-15,-1.));
#3548=DIRECTION('center_axis',(0.,0.,-1.));
#3549=DIRECTION('ref_axis',(-1.,0.,0.));
#3550=DIRECTION('center_axis',(0.,1.77635683940025E-15,1.));
#3551=DIRECTION('ref_axis',(1.,0.,0.));
#3552=DIRECTION('center_axis',(0.,2.27091073218817E-15,1.));
#3553=DIRECTION('ref_axis',(-1.,0.,0.));
#3554=DIRECTION('center_axis',(0.,-1.77635683940025E-15,-1.));
#3555=DIRECTION('ref_axis',(-1.,0.,0.));
#3556=DIRECTION('',(0.,-2.27091073218817E-15,-1.));
#3557=DIRECTION('center_axis',(0.,0.,-1.));
#3558=DIRECTION('ref_axis',(-1.,0.,0.));
#3559=DIRECTION('center_axis',(0.,1.77635683940025E-15,1.));
#3560=DIRECTION('ref_axis',(1.,0.,0.));
#3561=DIRECTION('center_axis',(0.,2.27091073218817E-15,1.));
#3562=DIRECTION('ref_axis',(-1.,0.,0.));
#3563=DIRECTION('center_axis',(0.,-1.77635683940025E-15,-1.));
#3564=DIRECTION('ref_axis',(-1.,0.,0.));
#3565=DIRECTION('',(0.,-2.27091073218817E-15,-1.));
#3566=DIRECTION('center_axis',(0.,0.,-1.));
#3567=DIRECTION('ref_axis',(-1.,0.,0.));
#3568=DIRECTION('center_axis',(0.,1.77635683940025E-15,1.));
#3569=DIRECTION('ref_axis',(1.,0.,0.));
#3570=DIRECTION('center_axis',(0.,2.27091073218817E-15,1.));
#3571=DIRECTION('ref_axis',(-1.,0.,0.));
#3572=DIRECTION('center_axis',(0.,-1.77635683940025E-15,-1.));
#3573=DIRECTION('ref_axis',(-1.,0.,0.));
#3574=DIRECTION('',(0.,-2.27091073218817E-15,-1.));
#3575=DIRECTION('center_axis',(0.,0.,-1.));
#3576=DIRECTION('ref_axis',(-1.,0.,0.));
#3577=DIRECTION('center_axis',(0.,1.77635683940025E-15,1.));
#3578=DIRECTION('ref_axis',(1.,0.,0.));
#3579=DIRECTION('center_axis',(0.,2.27091073218817E-15,1.));
#3580=DIRECTION('ref_axis',(-1.,0.,0.));
#3581=DIRECTION('center_axis',(0.,-1.77635683940025E-15,-1.));
#3582=DIRECTION('ref_axis',(-1.,0.,0.));
#3583=DIRECTION('',(0.,-2.27091073218817E-15,-1.));
#3584=DIRECTION('center_axis',(0.,0.,-1.));
#3585=DIRECTION('ref_axis',(-1.,0.,0.));
#3586=DIRECTION('center_axis',(0.,1.77635683940025E-15,1.));
#3587=DIRECTION('ref_axis',(1.,0.,0.));
#3588=DIRECTION('center_axis',(0.,2.27091073218817E-15,1.));
#3589=DIRECTION('ref_axis',(-1.,0.,0.));
#3590=DIRECTION('center_axis',(0.,-1.77635683940025E-15,-1.));
#3591=DIRECTION('ref_axis',(-1.,0.,0.));
#3592=DIRECTION('',(0.,-2.27091073218817E-15,-1.));
#3593=DIRECTION('center_axis',(0.,0.,-1.));
#3594=DIRECTION('ref_axis',(-1.,0.,0.));
#3595=DIRECTION('center_axis',(0.,1.77635683940025E-15,1.));
#3596=DIRECTION('ref_axis',(1.,0.,0.));
#3597=DIRECTION('center_axis',(0.,2.27091073218817E-15,1.));
#3598=DIRECTION('ref_axis',(-1.,0.,0.));
#3599=DIRECTION('center_axis',(0.,-1.77635683940025E-15,-1.));
#3600=DIRECTION('ref_axis',(-1.,0.,0.));
#3601=DIRECTION('',(0.,-2.27091073218817E-15,-1.));
#3602=DIRECTION('center_axis',(0.,0.,-1.));
#3603=DIRECTION('ref_axis',(-1.,0.,0.));
#3604=DIRECTION('center_axis',(0.,1.77635683940025E-15,1.));
#3605=DIRECTION('ref_axis',(1.,0.,0.));
#3606=DIRECTION('center_axis',(0.,2.27091073218817E-15,1.));
#3607=DIRECTION('ref_axis',(-1.,0.,0.));
#3608=DIRECTION('center_axis',(0.,-1.77635683940025E-15,-1.));
#3609=DIRECTION('ref_axis',(-1.,0.,0.));
#3610=DIRECTION('',(0.,-2.27091073218817E-15,-1.));
#3611=DIRECTION('center_axis',(0.,0.,-1.));
#3612=DIRECTION('ref_axis',(-1.,0.,0.));
#3613=DIRECTION('center_axis',(0.,1.77635683940025E-15,1.));
#3614=DIRECTION('ref_axis',(1.,0.,0.));
#3615=DIRECTION('center_axis',(0.,2.27091073218817E-15,1.));
#3616=DIRECTION('ref_axis',(-1.,0.,0.));
#3617=DIRECTION('center_axis',(0.,-1.77635683940025E-15,-1.));
#3618=DIRECTION('ref_axis',(-1.,0.,0.));
#3619=DIRECTION('',(0.,-2.27091073218817E-15,-1.));
#3620=DIRECTION('center_axis',(0.,0.,-1.));
#3621=DIRECTION('ref_axis',(-1.,0.,0.));
#3622=DIRECTION('center_axis',(0.,1.77635683940025E-15,1.));
#3623=DIRECTION('ref_axis',(1.,0.,0.));
#3624=DIRECTION('center_axis',(0.,2.27091073218817E-15,1.));
#3625=DIRECTION('ref_axis',(-1.,0.,0.));
#3626=DIRECTION('center_axis',(0.,-1.77635683940025E-15,-1.));
#3627=DIRECTION('ref_axis',(-1.,0.,0.));
#3628=DIRECTION('',(0.,-2.27091073218817E-15,-1.));
#3629=DIRECTION('center_axis',(0.,0.,-1.));
#3630=DIRECTION('ref_axis',(-1.,0.,0.));
#3631=DIRECTION('center_axis',(0.,1.77635683940025E-15,1.));
#3632=DIRECTION('ref_axis',(1.,0.,0.));
#3633=DIRECTION('center_axis',(0.,2.27091073218817E-15,1.));
#3634=DIRECTION('ref_axis',(-1.,0.,0.));
#3635=DIRECTION('center_axis',(0.,-1.77635683940025E-15,-1.));
#3636=DIRECTION('ref_axis',(-1.,0.,0.));
#3637=DIRECTION('',(0.,-2.27091073218817E-15,-1.));
#3638=DIRECTION('center_axis',(0.,0.,-1.));
#3639=DIRECTION('ref_axis',(-1.,0.,0.));
#3640=DIRECTION('center_axis',(0.,1.77635683940025E-15,1.));
#3641=DIRECTION('ref_axis',(1.,0.,0.));
#3642=DIRECTION('center_axis',(0.,2.27091073218817E-15,1.));
#3643=DIRECTION('ref_axis',(-1.,0.,0.));
#3644=DIRECTION('center_axis',(0.,-1.77635683940025E-15,-1.));
#3645=DIRECTION('ref_axis',(-1.,0.,0.));
#3646=DIRECTION('',(0.,-2.27091073218817E-15,-1.));
#3647=DIRECTION('center_axis',(0.,0.,-1.));
#3648=DIRECTION('ref_axis',(-1.,0.,0.));
#3649=DIRECTION('center_axis',(0.,1.77635683940025E-15,1.));
#3650=DIRECTION('ref_axis',(1.,0.,0.));
#3651=DIRECTION('center_axis',(0.,2.27091073218817E-15,1.));
#3652=DIRECTION('ref_axis',(-1.,0.,0.));
#3653=DIRECTION('center_axis',(0.,-1.77635683940025E-15,-1.));
#3654=DIRECTION('ref_axis',(-1.,0.,0.));
#3655=DIRECTION('',(0.,-2.27091073218817E-15,-1.));
#3656=DIRECTION('center_axis',(0.,0.,-1.));
#3657=DIRECTION('ref_axis',(-1.,0.,0.));
#3658=DIRECTION('center_axis',(0.,1.77635683940025E-15,1.));
#3659=DIRECTION('ref_axis',(1.,0.,0.));
#3660=DIRECTION('center_axis',(0.,2.27091073218817E-15,1.));
#3661=DIRECTION('ref_axis',(-1.,0.,0.));
#3662=DIRECTION('center_axis',(0.,-1.77635683940025E-15,-1.));
#3663=DIRECTION('ref_axis',(-1.,0.,0.));
#3664=DIRECTION('',(0.,-2.27091073218817E-15,-1.));
#3665=DIRECTION('center_axis',(0.,0.,-1.));
#3666=DIRECTION('ref_axis',(-1.,0.,0.));
#3667=DIRECTION('center_axis',(0.,1.77635683940025E-15,1.));
#3668=DIRECTION('ref_axis',(1.,0.,0.));
#3669=DIRECTION('center_axis',(0.,2.27091073218817E-15,1.));
#3670=DIRECTION('ref_axis',(-1.,0.,0.));
#3671=DIRECTION('center_axis',(0.,-1.77635683940025E-15,-1.));
#3672=DIRECTION('ref_axis',(-1.,0.,0.));
#3673=DIRECTION('',(0.,-2.27091073218817E-15,-1.));
#3674=DIRECTION('center_axis',(0.,0.,-1.));
#3675=DIRECTION('ref_axis',(-1.,0.,0.));
#3676=DIRECTION('center_axis',(0.,1.77635683940025E-15,1.));
#3677=DIRECTION('ref_axis',(1.,0.,0.));
#3678=DIRECTION('center_axis',(0.,2.27091073218817E-15,1.));
#3679=DIRECTION('ref_axis',(-1.,0.,0.));
#3680=DIRECTION('center_axis',(0.,-1.77635683940025E-15,-1.));
#3681=DIRECTION('ref_axis',(-1.,0.,0.));
#3682=DIRECTION('',(0.,-2.27091073218817E-15,-1.));
#3683=DIRECTION('center_axis',(0.,0.,-1.));
#3684=DIRECTION('ref_axis',(-1.,0.,0.));
#3685=DIRECTION('center_axis',(0.,1.77635683940025E-15,1.));
#3686=DIRECTION('ref_axis',(1.,0.,0.));
#3687=DIRECTION('center_axis',(0.,2.27091073218817E-15,1.));
#3688=DIRECTION('ref_axis',(-1.,0.,0.));
#3689=DIRECTION('center_axis',(0.,-1.77635683940025E-15,-1.));
#3690=DIRECTION('ref_axis',(-1.,0.,0.));
#3691=DIRECTION('',(0.,-2.27091073218817E-15,-1.));
#3692=DIRECTION('center_axis',(0.,0.,-1.));
#3693=DIRECTION('ref_axis',(-1.,0.,0.));
#3694=DIRECTION('center_axis',(0.,1.77635683940025E-15,1.));
#3695=DIRECTION('ref_axis',(1.,0.,0.));
#3696=DIRECTION('center_axis',(0.,2.27091073218817E-15,1.));
#3697=DIRECTION('ref_axis',(-1.,0.,0.));
#3698=DIRECTION('center_axis',(0.,-1.77635683940025E-15,-1.));
#3699=DIRECTION('ref_axis',(-1.,0.,0.));
#3700=DIRECTION('',(0.,-2.27091073218817E-15,-1.));
#3701=DIRECTION('center_axis',(0.,0.,-1.));
#3702=DIRECTION('ref_axis',(-1.,0.,0.));
#3703=DIRECTION('center_axis',(0.,1.77635683940025E-15,1.));
#3704=DIRECTION('ref_axis',(1.,0.,0.));
#3705=DIRECTION('center_axis',(0.,2.27091073218817E-15,1.));
#3706=DIRECTION('ref_axis',(-1.,0.,0.));
#3707=DIRECTION('center_axis',(0.,-1.77635683940025E-15,-1.));
#3708=DIRECTION('ref_axis',(-1.,0.,0.));
#3709=DIRECTION('',(0.,-2.27091073218817E-15,-1.));
#3710=DIRECTION('center_axis',(0.,0.,-1.));
#3711=DIRECTION('ref_axis',(-1.,0.,0.));
#3712=DIRECTION('center_axis',(0.,1.77635683940025E-15,1.));
#3713=DIRECTION('ref_axis',(1.,0.,0.));
#3714=DIRECTION('center_axis',(0.,2.27091073218817E-15,1.));
#3715=DIRECTION('ref_axis',(-1.,0.,0.));
#3716=DIRECTION('center_axis',(0.,-1.77635683940025E-15,-1.));
#3717=DIRECTION('ref_axis',(-1.,0.,0.));
#3718=DIRECTION('',(0.,-2.27091073218817E-15,-1.));
#3719=DIRECTION('center_axis',(0.,0.,-1.));
#3720=DIRECTION('ref_axis',(-1.,0.,0.));
#3721=DIRECTION('center_axis',(0.,1.77635683940025E-15,1.));
#3722=DIRECTION('ref_axis',(1.,0.,0.));
#3723=DIRECTION('center_axis',(0.,2.27091073218817E-15,1.));
#3724=DIRECTION('ref_axis',(-1.,0.,0.));
#3725=DIRECTION('center_axis',(0.,-1.77635683940025E-15,-1.));
#3726=DIRECTION('ref_axis',(-1.,0.,0.));
#3727=DIRECTION('',(0.,-2.27091073218817E-15,-1.));
#3728=DIRECTION('center_axis',(0.,0.,-1.));
#3729=DIRECTION('ref_axis',(-1.,0.,0.));
#3730=DIRECTION('center_axis',(0.,1.77635683940025E-15,1.));
#3731=DIRECTION('ref_axis',(1.,0.,0.));
#3732=DIRECTION('center_axis',(0.,2.27091073218817E-15,1.));
#3733=DIRECTION('ref_axis',(-1.,0.,0.));
#3734=DIRECTION('center_axis',(0.,-1.77635683940025E-15,-1.));
#3735=DIRECTION('ref_axis',(-1.,0.,0.));
#3736=DIRECTION('',(0.,-2.27091073218817E-15,-1.));
#3737=DIRECTION('center_axis',(0.,0.,-1.));
#3738=DIRECTION('ref_axis',(-1.,0.,0.));
#3739=DIRECTION('center_axis',(0.,1.77635683940025E-15,1.));
#3740=DIRECTION('ref_axis',(1.,0.,0.));
#3741=DIRECTION('center_axis',(0.,2.27091073218817E-15,1.));
#3742=DIRECTION('ref_axis',(-1.,0.,0.));
#3743=DIRECTION('center_axis',(0.,-1.77635683940025E-15,-1.));
#3744=DIRECTION('ref_axis',(-1.,0.,0.));
#3745=DIRECTION('',(0.,-2.27091073218817E-15,-1.));
#3746=DIRECTION('center_axis',(0.,0.,-1.));
#3747=DIRECTION('ref_axis',(-1.,0.,0.));
#3748=DIRECTION('center_axis',(0.,1.77635683940025E-15,1.));
#3749=DIRECTION('ref_axis',(1.,0.,0.));
#3750=DIRECTION('center_axis',(0.,2.27091073218817E-15,1.));
#3751=DIRECTION('ref_axis',(-1.,0.,0.));
#3752=DIRECTION('center_axis',(0.,-1.77635683940025E-15,-1.));
#3753=DIRECTION('ref_axis',(-1.,0.,0.));
#3754=DIRECTION('',(0.,-2.27091073218817E-15,-1.));
#3755=DIRECTION('center_axis',(0.,0.,-1.));
#3756=DIRECTION('ref_axis',(-1.,0.,0.));
#3757=DIRECTION('center_axis',(0.,1.77635683940025E-15,1.));
#3758=DIRECTION('ref_axis',(1.,0.,0.));
#3759=DIRECTION('center_axis',(0.,2.27091073218817E-15,1.));
#3760=DIRECTION('ref_axis',(-1.,0.,0.));
#3761=DIRECTION('center_axis',(0.,-1.77635683940025E-15,-1.));
#3762=DIRECTION('ref_axis',(-1.,0.,0.));
#3763=DIRECTION('',(0.,-2.27091073218817E-15,-1.));
#3764=DIRECTION('center_axis',(0.,0.,-1.));
#3765=DIRECTION('ref_axis',(-1.,0.,0.));
#3766=DIRECTION('center_axis',(0.,1.77635683940025E-15,1.));
#3767=DIRECTION('ref_axis',(1.,0.,0.));
#3768=DIRECTION('center_axis',(0.,2.27091073218817E-15,1.));
#3769=DIRECTION('ref_axis',(-1.,0.,0.));
#3770=DIRECTION('center_axis',(0.,-1.77635683940025E-15,-1.));
#3771=DIRECTION('ref_axis',(-1.,0.,0.));
#3772=DIRECTION('',(0.,-2.27091073218817E-15,-1.));
#3773=DIRECTION('center_axis',(0.,0.,-1.));
#3774=DIRECTION('ref_axis',(-1.,0.,0.));
#3775=DIRECTION('center_axis',(0.,1.77635683940025E-15,1.));
#3776=DIRECTION('ref_axis',(1.,0.,0.));
#3777=DIRECTION('center_axis',(0.,2.27091073218817E-15,1.));
#3778=DIRECTION('ref_axis',(-1.,0.,0.));
#3779=DIRECTION('center_axis',(0.,-1.77635683940025E-15,-1.));
#3780=DIRECTION('ref_axis',(-1.,0.,0.));
#3781=DIRECTION('',(0.,-2.27091073218817E-15,-1.));
#3782=DIRECTION('center_axis',(0.,0.,-1.));
#3783=DIRECTION('ref_axis',(-1.,0.,0.));
#3784=DIRECTION('center_axis',(0.,1.77635683940025E-15,1.));
#3785=DIRECTION('ref_axis',(1.,0.,0.));
#3786=DIRECTION('center_axis',(0.,2.27091073218817E-15,1.));
#3787=DIRECTION('ref_axis',(-1.,0.,0.));
#3788=DIRECTION('center_axis',(0.,-1.77635683940025E-15,-1.));
#3789=DIRECTION('ref_axis',(-1.,0.,0.));
#3790=DIRECTION('',(0.,-2.27091073218817E-15,-1.));
#3791=DIRECTION('center_axis',(0.,0.,-1.));
#3792=DIRECTION('ref_axis',(-1.,0.,0.));
#3793=DIRECTION('center_axis',(0.,1.77635683940025E-15,1.));
#3794=DIRECTION('ref_axis',(1.,0.,0.));
#3795=DIRECTION('center_axis',(0.,0.,-1.));
#3796=DIRECTION('ref_axis',(0.707106781186548,0.707106781186548,0.));
#3797=DIRECTION('center_axis',(0.,0.,1.));
#3798=DIRECTION('ref_axis',(0.707106781186548,0.707106781186548,0.));
#3799=DIRECTION('',(0.,0.,1.));
#3800=DIRECTION('',(0.,0.,-1.));
#3801=DIRECTION('center_axis',(0.,1.,0.));
#3802=DIRECTION('ref_axis',(1.,0.,1.77635683940025E-15));
#3803=DIRECTION('',(0.,0.,1.));
#3804=DIRECTION('',(1.,0.,1.77635683940025E-15));
#3805=DIRECTION('center_axis',(0.,0.,-1.));
#3806=DIRECTION('ref_axis',(0.707106781186548,-0.707106781186548,0.));
#3807=DIRECTION('center_axis',(0.,0.,1.));
#3808=DIRECTION('ref_axis',(0.707106781186548,-0.707106781186548,0.));
#3809=DIRECTION('',(0.,0.,1.));
#3810=DIRECTION('',(0.,0.,-1.));
#3811=DIRECTION('center_axis',(1.,-3.15544362088405E-30,0.));
#3812=DIRECTION('ref_axis',(-3.15544362088405E-30,-1.,1.77635683940025E-15));
#3813=DIRECTION('',(-3.15544362088405E-30,-1.,1.77635683940025E-15));
#3814=DIRECTION('center_axis',(0.,0.,-1.));
#3815=DIRECTION('ref_axis',(-0.707106781186548,-0.707106781186548,0.));
#3816=DIRECTION('center_axis',(0.,0.,1.));
#3817=DIRECTION('ref_axis',(-0.707106781186548,-0.707106781186548,0.));
#3818=DIRECTION('',(0.,0.,1.));
#3819=DIRECTION('',(0.,0.,-1.));
#3820=DIRECTION('center_axis',(0.,-1.,0.));
#3821=DIRECTION('ref_axis',(-1.,0.,-1.77635683940025E-15));
#3822=DIRECTION('',(-1.,0.,-1.77635683940025E-15));
#3823=DIRECTION('center_axis',(0.,0.,-1.));
#3824=DIRECTION('ref_axis',(-0.707106781186548,0.707106781186548,0.));
#3825=DIRECTION('center_axis',(0.,0.,1.));
#3826=DIRECTION('ref_axis',(-0.707106781186548,0.707106781186548,0.));
#3827=DIRECTION('',(0.,0.,-1.));
#3828=DIRECTION('center_axis',(-1.,3.15544362088405E-30,0.));
#3829=DIRECTION('ref_axis',(3.15544362088405E-30,1.,-1.77635683940025E-15));
#3830=DIRECTION('',(3.15544362088405E-30,1.,-1.77635683940025E-15));
#3831=DIRECTION('center_axis',(0.,0.,-1.));
#3832=DIRECTION('ref_axis',(-1.,0.,0.));
#3833=DIRECTION('center_axis',(0.819152044288996,1.00793810601098E-15,0.57357643635104));
#3834=DIRECTION('ref_axis',(-0.57357643635104,1.45510633638146E-15,0.819152044288996));
#3835=DIRECTION('',(-0.57357643635104,1.45510633638146E-15,0.819152044288996));
#3836=DIRECTION('center_axis',(-1.,1.68088270193059E-16,-2.98584748380398E-31));
#3837=DIRECTION('ref_axis',(-1.68088270193059E-16,-1.,1.98068972494406E-15));
#3838=DIRECTION('',(-1.68088270193059E-16,-1.,1.98068972494406E-15));
#3839=DIRECTION('center_axis',(-2.52407592427955E-42,1.,-1.77635683940025E-15));
#3840=DIRECTION('ref_axis',(-1.,0.,1.42092842400503E-27));
#3841=DIRECTION('',(-1.,0.,1.42092842400503E-27));
#3842=DIRECTION('center_axis',(1.42092842400503E-27,1.98068972494406E-15,
1.));
#3843=DIRECTION('ref_axis',(-1.,0.,1.42092842400503E-27));
#3844=DIRECTION('',(-4.11631423895415E-45,0.,1.));
#3845=DIRECTION('',(-1.,1.22464679914735E-16,-4.11631423895415E-45));
#3846=CARTESIAN_POINT('',(0.,0.,0.));
#3847=CARTESIAN_POINT('',(0.,0.,0.));
#3848=CARTESIAN_POINT('Origin',(49.4999999999066,-2.12979436635645E-12,
-43.4000000000002));
#3849=CARTESIAN_POINT('',(50.5499999999066,-2.12966577844254E-12,-43.4000000000002));
#3850=CARTESIAN_POINT('Origin',(49.4999999999066,-2.12979436635645E-12,
-43.4000000000002));
#3851=CARTESIAN_POINT('',(50.5499999999066,-2.12372370926771E-12,-40.4000000000002));
#3852=CARTESIAN_POINT('',(50.5499999999066,-2.12966577844254E-12,-43.4000000000002));
#3853=CARTESIAN_POINT('Origin',(49.4999999999066,-2.12385229718162E-12,
-40.4000000000002));
#3854=CARTESIAN_POINT('Origin',(49.4999999999066,-2.12381623784034E-12,
-40.4000000000002));
#3855=CARTESIAN_POINT('Origin',(65.1177599999066,-23.4200000000021,-43.4000000000001));
#3856=CARTESIAN_POINT('',(68.1177599999066,-23.4200000000021,-38.4000000000001));
#3857=CARTESIAN_POINT('',(65.1177599999066,-26.4200000000021,-38.4000000000001));
#3858=CARTESIAN_POINT('Origin',(65.1177599999066,-23.4200000000021,-38.4000000000001));
#3859=CARTESIAN_POINT('',(65.1177599999066,-26.4200000000021,-43.4000000000001));
#3860=CARTESIAN_POINT('',(65.1177599999066,-26.4200000000021,-43.4000000000001));
#3861=CARTESIAN_POINT('',(68.1177599999066,-23.4200000000021,-43.4000000000001));
#3862=CARTESIAN_POINT('Origin',(65.1177599999066,-23.4200000000021,-43.4000000000001));
#3863=CARTESIAN_POINT('',(68.1177599999066,-23.4200000000021,-43.4000000000001));
#3864=CARTESIAN_POINT('Origin',(49.4999999999065,-2.1183055309848E-12,-38.4000000000001));
#3865=CARTESIAN_POINT('',(68.1177599999066,23.4199999999979,-38.4000000000002));
#3866=CARTESIAN_POINT('',(68.1177599999066,-26.4200000000021,-38.4000000000001));
#3867=CARTESIAN_POINT('',(65.1177599999066,26.4199999999979,-38.4000000000002));
#3868=CARTESIAN_POINT('Origin',(65.1177599999066,23.4199999999979,-38.4000000000002));
#3869=CARTESIAN_POINT('',(37.1081904025897,26.4199999999979,-38.4000000000002));
#3870=CARTESIAN_POINT('',(68.1177599999066,26.4199999999979,-38.4000000000002));
#3871=CARTESIAN_POINT('',(37.1081904025897,-26.4200000000021,-38.4000000000001));
#3872=CARTESIAN_POINT('',(37.1081904025897,13.2099999999979,-38.4000000000002));
#3873=CARTESIAN_POINT('',(30.8822399999065,-26.4200000000021,-38.4000000000001));
#3874=CARTESIAN_POINT('',(63.5337752012482,21.3117999999979,-38.4000000000002));
#3875=CARTESIAN_POINT('',(63.5337752012482,-21.3118000000021,-38.4000000000001));
#3876=CARTESIAN_POINT('',(63.5337752012482,11.7074999999979,-38.4000000000002));
#3877=CARTESIAN_POINT('',(61.4305752012481,-23.4150000000021,-38.4000000000001));
#3878=CARTESIAN_POINT('Origin',(61.4305752012481,-21.3118000000021,-38.4000000000001));
#3879=CARTESIAN_POINT('',(43.7953752012481,-23.4150000000021,-38.4000000000001));
#3880=CARTESIAN_POINT('',(56.5168876005773,-23.4150000000021,-38.4000000000001));
#3881=CARTESIAN_POINT('',(41.6921752012481,-21.3118000000021,-38.4000000000001));
#3882=CARTESIAN_POINT('Origin',(43.7953752012481,-21.3118000000021,-38.4000000000001));
#3883=CARTESIAN_POINT('',(41.6921752012481,21.3117999999979,-38.4000000000002));
#3884=CARTESIAN_POINT('',(41.6921752012481,-11.7075000000021,-38.4000000000001));
#3885=CARTESIAN_POINT('',(43.7953752012481,23.4149999999979,-38.4000000000002));
#3886=CARTESIAN_POINT('Origin',(43.7953752012481,21.3117999999979,-38.4000000000001));
#3887=CARTESIAN_POINT('',(61.4305752012481,23.4149999999979,-38.4000000000002));
#3888=CARTESIAN_POINT('',(45.5960876005773,23.4149999999979,-38.4000000000002));
#3889=CARTESIAN_POINT('Origin',(61.4305752012481,21.3117999999979,-38.4000000000001));
#3890=CARTESIAN_POINT('Origin',(68.1177599999066,-26.4200000000021,-43.4000000000001));
#3891=CARTESIAN_POINT('',(68.1177599999066,23.4199999999979,-43.4000000000002));
#3892=CARTESIAN_POINT('',(68.1177599999066,-26.4200000000021,-43.4000000000001));
#3893=CARTESIAN_POINT('',(68.1177599999066,23.4199999999979,-43.4000000000002));
#3894=CARTESIAN_POINT('Origin',(65.1177599999066,23.4199999999979,-43.4000000000002));
#3895=CARTESIAN_POINT('',(65.1177599999066,26.4199999999979,-43.4000000000002));
#3896=CARTESIAN_POINT('Origin',(65.1177599999066,23.4199999999979,-43.4000000000002));
#3897=CARTESIAN_POINT('',(65.1177599999066,26.4199999999979,-43.4000000000002));
#3898=CARTESIAN_POINT('Origin',(33.8822399999065,23.4199999999979,-43.4000000000002));
#3899=CARTESIAN_POINT('',(33.8822399999065,26.4199999999979,-37.4541036333633));
#3900=CARTESIAN_POINT('',(33.8822399999065,26.4199999999979,-43.4000000000002));
#3901=CARTESIAN_POINT('',(33.8822399999065,26.4199999999979,-43.4000000000002));
#3902=CARTESIAN_POINT('',(30.8822399999065,23.4199999999979,-43.4000000000002));
#3903=CARTESIAN_POINT('Origin',(33.8822399999065,23.4199999999979,-43.4000000000002));
#3904=CARTESIAN_POINT('',(30.8822399999065,23.4199999999979,-38.4000000000002));
#3905=CARTESIAN_POINT('',(30.8822399999065,23.4199999999979,-43.4000000000002));
#3906=CARTESIAN_POINT('Origin',(33.8822399999065,23.4199999999979,-37.4541036333633));
#3907=CARTESIAN_POINT('Origin',(32.2232465930421,23.4199999999979,-35.0848155061514));
#3908=CARTESIAN_POINT('',(15.7707276211349,23.4199999999979,-16.8185237173987));
#3909=CARTESIAN_POINT('',(29.7657904601751,23.4199999999979,-36.8055448152045));
#3910=CARTESIAN_POINT('',(18.2281837540019,26.4199999999979,-15.0977944083455));
#3911=CARTESIAN_POINT('Origin',(18.2281837540019,23.4199999999979,-15.0977944083455));
#3912=CARTESIAN_POINT('',(32.2232465930421,26.4199999999979,-35.0848155061514));
#3913=CARTESIAN_POINT('Origin',(18.2281837540019,26.4199999999979,-15.0977944083455));
#3914=CARTESIAN_POINT('',(16.5074544449488,23.4199999999979,-12.6403382754785));
#3915=CARTESIAN_POINT('Origin',(18.2281837540019,23.4199999999979,-15.0977944083455));
#3916=CARTESIAN_POINT('',(15.7707276211349,-23.4200000000021,-16.8185237173986));
#3917=CARTESIAN_POINT('',(15.7707276211349,26.4199999999979,-16.8185237173987));
#3918=CARTESIAN_POINT('',(16.5074544449488,-23.4200000000021,-12.6403382754785));
#3919=CARTESIAN_POINT('Origin',(18.2281837540019,-23.4200000000021,-15.0977944083455));
#3920=CARTESIAN_POINT('',(16.5074544449488,26.4199999999979,-12.6403382754786));
#3921=CARTESIAN_POINT('Origin',(33.8822399999065,-23.4200000000021,-43.4000000000001));
#3922=CARTESIAN_POINT('',(30.8822399999065,-23.4200000000021,-38.4000000000001));
#3923=CARTESIAN_POINT('',(30.8822399999065,-23.4200000000021,-43.4000000000001));
#3924=CARTESIAN_POINT('',(30.8822399999065,-23.4200000000021,-43.4000000000001));
#3925=CARTESIAN_POINT('',(33.8822399999065,-26.4200000000021,-43.4000000000001));
#3926=CARTESIAN_POINT('Origin',(33.8822399999065,-23.4200000000021,-43.4000000000001));
#3927=CARTESIAN_POINT('',(33.8822399999065,-26.4200000000021,-37.4541036333632));
#3928=CARTESIAN_POINT('',(33.8822399999065,-26.4200000000021,-43.4000000000001));
#3929=CARTESIAN_POINT('Origin',(33.8822399999065,-23.4200000000021,-37.4541036333632));
#3930=CARTESIAN_POINT('Origin',(26.0981910648435,-23.4200000000021,-26.3373296623698));
#3931=CARTESIAN_POINT('',(18.2281837540019,-26.4200000000021,-15.0977944083454));
#3932=CARTESIAN_POINT('',(26.0981910648435,-26.4200000000021,-26.3373296623698));
#3933=CARTESIAN_POINT('Origin',(18.2281837540019,-23.4200000000021,-15.0977944083455));
#3934=CARTESIAN_POINT('',(23.6407349319766,-23.4200000000021,-28.058058971423));
#3935=CARTESIAN_POINT('Origin',(18.2281837540019,-23.4200000000021,-15.0977944083455));
#3936=CARTESIAN_POINT('Origin',(18.2281837540019,-23.4200000000021,-15.0977944083455));
#3937=CARTESIAN_POINT('Origin',(18.2281837540019,23.4199999999979,-15.0977944083455));
#3938=CARTESIAN_POINT('Origin',(18.2281837540019,23.4199999999979,-15.0977944083455));
#3939=CARTESIAN_POINT('Origin',(29.1776540298912,23.4199999999979,-7.43089278176488));
#3940=CARTESIAN_POINT('',(18.2276737379557,23.4199999999979,-11.4358277591414));
#3941=CARTESIAN_POINT('',(27.456924720838,23.4199999999979,-4.97343664889789));
#3942=CARTESIAN_POINT('',(19.9484030470088,26.4199999999979,-13.8932838920084));
#3943=CARTESIAN_POINT('Origin',(19.9484030470088,23.4199999999979,-13.8932838920084));
#3944=CARTESIAN_POINT('',(29.1776540298912,26.4199999999979,-7.43089278176489));
#3945=CARTESIAN_POINT('Origin',(18.2276737379557,26.4199999999979,-11.4358277591414));
#3946=CARTESIAN_POINT('',(18.2276737379557,-23.4200000000021,-11.4358277591413));
#3947=CARTESIAN_POINT('',(14.9642202490364,-23.4200000000021,-13.7209224926793));
#3948=CARTESIAN_POINT('',(18.2276737379557,26.4199999999979,-11.4358277591414));
#3949=CARTESIAN_POINT('Origin',(16.6849495580896,-23.4200000000021,-16.1783786255463));
#3950=CARTESIAN_POINT('',(19.9484030470088,-26.4200000000021,-13.8932838920083));
#3951=CARTESIAN_POINT('',(16.6849495580896,-26.4200000000021,-16.1783786255463));
#3952=CARTESIAN_POINT('Origin',(19.9484030470088,-23.4200000000021,-13.8932838920083));
#3953=CARTESIAN_POINT('Origin',(30.8822399999065,-26.4200000000021,-43.4000000000001));
#3954=CARTESIAN_POINT('',(32.0444579516877,-26.4200000000021,-31.1682405935689));
#3955=CARTESIAN_POINT('',(30.8822399999065,-26.4200000000021,-43.4000000000001));
#3956=CARTESIAN_POINT('Origin',(21.2676288506162,-21.1200000000021,-15.777333593873));
#3957=CARTESIAN_POINT('',(20.4072641960896,-21.1200000000021,-14.5486055274395));
#3958=CARTESIAN_POINT('',(21.2676288506162,-22.6200000000021,-15.777333593873));
#3959=CARTESIAN_POINT('Origin',(21.2676288506162,-21.1200000000021,-15.777333593873));
#3960=CARTESIAN_POINT('',(20.0389007841827,-22.6200000000021,-16.6376982483996));
#3961=CARTESIAN_POINT('',(21.2676288506162,-22.6200000000021,-15.777333593873));
#3962=CARTESIAN_POINT('',(19.1785361296561,-21.1200000000021,-15.4089701819661));
#3963=CARTESIAN_POINT('Origin',(20.0389007841827,-21.1200000000021,-16.6376982483996));
#3964=CARTESIAN_POINT('',(20.4072641960896,-21.1200000000021,-14.5486055274395));
#3965=CARTESIAN_POINT('Origin',(34.9285999444558,-22.6200000000021,-35.2872222317019));
#3966=CARTESIAN_POINT('',(34.9285999444558,-22.6200000000021,-35.2872222317019));
#3967=CARTESIAN_POINT('',(36.0183951735228,-22.6200000000021,-36.843611115851));
#3968=CARTESIAN_POINT('',(33.6998718780223,-22.6200000000021,-36.1475868862285));
#3969=CARTESIAN_POINT('',(34.9285999444558,-22.6200000000021,-35.2872222317019));
#3970=CARTESIAN_POINT('',(25.7795911020355,-22.6200000000021,-24.8362536831649));
#3971=CARTESIAN_POINT('Origin',(21.2676288506162,21.1199999999979,-15.777333593873));
#3972=CARTESIAN_POINT('',(21.2676288506162,22.6199999999979,-15.7773335938731));
#3973=CARTESIAN_POINT('',(20.4072641960896,21.1199999999979,-14.5486055274396));
#3974=CARTESIAN_POINT('Origin',(21.2676288506162,21.1199999999979,-15.7773335938731));
#3975=CARTESIAN_POINT('',(19.1785361296561,21.1199999999979,-15.4089701819661));
#3976=CARTESIAN_POINT('',(20.4072641960896,21.1199999999979,-14.5486055274396));
#3977=CARTESIAN_POINT('',(20.0389007841827,22.6199999999979,-16.6376982483996));
#3978=CARTESIAN_POINT('Origin',(20.0389007841827,21.1199999999979,-16.6376982483996));
#3979=CARTESIAN_POINT('',(21.2676288506162,22.6199999999979,-15.777333593873));
#3980=CARTESIAN_POINT('Origin',(20.4072641960896,-22.6200000000021,-14.5486055274395));
#3981=CARTESIAN_POINT('',(19.1785361296561,0.399999999997918,-15.4089701819661));
#3982=CARTESIAN_POINT('',(20.4072641960896,1.89999999999791,-14.5486055274395));
#3983=CARTESIAN_POINT('Origin',(14.0499983120818,26.4199999999979,-14.3610675845317));
#3984=CARTESIAN_POINT('',(30.8822399999065,26.4199999999979,-38.4000000000002));
#3985=CARTESIAN_POINT('',(25.3340013377494,-2.06687542151266E-12,-30.4762940137109));
#3986=CARTESIAN_POINT('',(22.4661191559942,4.9999999999979,-26.3805337922659));
#3987=CARTESIAN_POINT('Origin',(25.3340013377494,4.99999999999791,-30.4762940137109));
#3988=CARTESIAN_POINT('',(19.598236974239,-2.10174942793049E-12,-22.2847735708209));
#3989=CARTESIAN_POINT('Origin',(19.5982369742389,4.99999999999788,-22.2847735708209));
#3990=CARTESIAN_POINT('',(22.4661191559942,-5.00000000000208,-26.3805337922659));
#3991=CARTESIAN_POINT('Origin',(19.598236974239,-5.00000000000209,-22.2847735708209));
#3992=CARTESIAN_POINT('Origin',(25.3340013377494,-5.00000000000208,-30.4762940137109));
#3993=CARTESIAN_POINT('Origin',(25.3340013377494,4.99999999999791,-30.4762940137109));
#3994=CARTESIAN_POINT('',(26.5627294041829,-2.06501482580279E-12,-29.6159293591843));
#3995=CARTESIAN_POINT('',(25.3340013377494,-2.06687542151266E-12,-30.4762940137109));
#3996=CARTESIAN_POINT('',(23.6948472224276,4.9999999999979,-25.5201691377393));
#3997=CARTESIAN_POINT('Origin',(26.5627294041829,4.99999999999791,-29.6159293591843));
#3998=CARTESIAN_POINT('',(22.4661191559942,4.9999999999979,-26.3805337922659));
#3999=CARTESIAN_POINT('Origin',(25.3340013377494,-5.00000000000208,-30.4762940137109));
#4000=CARTESIAN_POINT('',(23.6948472224277,-5.00000000000208,-25.5201691377393));
#4001=CARTESIAN_POINT('',(22.4661191559942,-5.00000000000208,-26.3805337922659));
#4002=CARTESIAN_POINT('Origin',(26.5627294041829,-5.00000000000208,-29.6159293591843));
#4003=CARTESIAN_POINT('Origin',(19.598236974239,-5.00000000000209,-22.2847735708209));
#4004=CARTESIAN_POINT('',(20.8269650406724,-2.09998685107848E-12,-21.4244089162944));
#4005=CARTESIAN_POINT('',(19.598236974239,-2.10174942793049E-12,-22.2847735708209));
#4006=CARTESIAN_POINT('Origin',(20.8269650406724,-5.00000000000209,-21.4244089162944));
#4007=CARTESIAN_POINT('Origin',(19.5982369742389,4.99999999999788,-22.2847735708209));
#4008=CARTESIAN_POINT('Origin',(20.8269650406724,4.99999999999789,-21.4244089162944));
#4009=CARTESIAN_POINT('Origin',(34.9285999444558,22.6199999999979,-35.287222231702));
#4010=CARTESIAN_POINT('',(33.6998718780223,22.6199999999979,-36.1475868862286));
#4011=CARTESIAN_POINT('',(33.6998718780223,23.0199999999979,-36.1475868862286));
#4012=CARTESIAN_POINT('',(34.9285999444558,22.6199999999979,-35.287222231702));
#4013=CARTESIAN_POINT('',(34.9285999444558,24.5199999999979,-35.287222231702));
#4014=CARTESIAN_POINT('',(34.9285999444558,22.6199999999979,-35.287222231702));
#4015=CARTESIAN_POINT('Origin',(20.4072641960896,22.6199999999979,-14.5486055274396));
#4016=CARTESIAN_POINT('',(18.5189232278524,22.6199999999979,-14.4669453310338));
#4017=CARTESIAN_POINT('',(28.7577272993397,22.6199999999979,-26.4743027637199));
#4018=CARTESIAN_POINT('Origin',(16.1390910330419,-23.4200000000021,-14.7294309964385));
#4019=CARTESIAN_POINT('',(36.214439574097,23.4199999999979,-43.4000000000002));
#4020=CARTESIAN_POINT('',(36.214439574097,-23.4200000000021,-43.4000000000001));
#4021=CARTESIAN_POINT('',(36.214439574097,-11.7100000000021,-43.4000000000001));
#4022=CARTESIAN_POINT('',(16.1390910330419,23.4199999999979,-14.7294309964386));
#4023=CARTESIAN_POINT('',(16.1390910330419,23.4199999999979,-14.7294309964386));
#4024=CARTESIAN_POINT('',(16.1390910330419,-23.4200000000021,-14.7294309964385));
#4025=CARTESIAN_POINT('',(16.1390910330419,23.4199999999979,-14.7294309964386));
#4026=CARTESIAN_POINT('',(16.1390910330419,-23.4200000000021,-14.7294309964385));
#4027=CARTESIAN_POINT('Origin',(17.8593103260487,-23.4200000000021,-13.5249204801013));
#4028=CARTESIAN_POINT('',(38.7780662104961,-23.4200000000021,-43.4000000000001));
#4029=CARTESIAN_POINT('',(33.6796551629777,-23.4200000000021,-43.4000000000001));
#4030=CARTESIAN_POINT('',(17.8593103260487,-23.4200000000021,-13.5249204801013));
#4031=CARTESIAN_POINT('',(16.1390910330419,-23.4200000000021,-14.7294309964385));
#4032=CARTESIAN_POINT('',(17.8593103260487,-23.4200000000021,-13.5249204801013));
#4033=CARTESIAN_POINT('Origin',(17.8593103260487,23.4199999999979,-13.5249204801014));
#4034=CARTESIAN_POINT('',(38.7780662104961,23.4199999999979,-43.4000000000002));
#4035=CARTESIAN_POINT('',(38.7780662104961,11.7099999999979,-43.4000000000002));
#4036=CARTESIAN_POINT('',(17.8593103260487,23.4199999999979,-13.5249204801014));
#4037=CARTESIAN_POINT('',(17.8593103260487,-23.4200000000021,-13.5249204801013));
#4038=CARTESIAN_POINT('',(17.8593103260487,23.4199999999979,-13.5249204801014));
#4039=CARTESIAN_POINT('Origin',(16.1390910330419,23.4199999999979,-14.7294309964386));
#4040=CARTESIAN_POINT('',(32.8195455164741,23.4199999999978,-43.4000000000002));
#4041=CARTESIAN_POINT('',(17.8593103260487,23.4199999999979,-13.5249204801014));
#4042=CARTESIAN_POINT('Origin',(16.9992006795453,-2.08130588101485E-12,
-14.12717573827));
#4043=CARTESIAN_POINT('Origin',(63.0337752012428,-8.33939936527397,-39.4));
#4044=CARTESIAN_POINT('',(63.0337752012481,6.48619999999807,-38.4000000000001));
#4045=CARTESIAN_POINT('',(63.0337752012481,-8.33940000000194,-38.4000000000001));
#4046=CARTESIAN_POINT('',(63.0337752012442,-4.63299968263823,-38.4000000000001));
#4047=CARTESIAN_POINT('',(63.0337752012481,-8.33940000000194,-39.4));
#4048=CARTESIAN_POINT('',(63.0337752012428,-8.33940000000253,-39.4));
#4049=CARTESIAN_POINT('',(63.0337752012481,6.48619999999807,-39.4));
#4050=CARTESIAN_POINT('',(63.0337752012443,-4.16969968263996,-39.4));
#4051=CARTESIAN_POINT('',(63.0337752012482,6.48619999999748,-39.4));
#4052=CARTESIAN_POINT('Origin',(59.8273752012482,6.48620000000562,-39.4));
#4053=CARTESIAN_POINT('',(59.8273752012483,-8.33939988853081,-38.4000000000001));
#4054=CARTESIAN_POINT('',(59.8273752012482,6.48620000000563,-38.4000000000002));
#4055=CARTESIAN_POINT('',(59.8273752012482,2.77980000000186,-38.4000000000002));
#4056=CARTESIAN_POINT('',(59.8273752012482,6.48620000000562,-39.4));
#4057=CARTESIAN_POINT('',(59.8273752012482,6.48619999999806,-39.4));
#4058=CARTESIAN_POINT('',(59.8273752012483,-8.33939988853081,-39.4));
#4059=CARTESIAN_POINT('',(59.8273752012482,3.24310000000177,-39.4));
#4060=CARTESIAN_POINT('',(59.8273752012483,-8.33940000000194,-39.4));
#4061=CARTESIAN_POINT('Origin',(61.4305752012481,6.48619999999807,-39.4));
#4062=CARTESIAN_POINT('Origin',(61.4305752012481,6.48619999999807,-39.4));
#4063=CARTESIAN_POINT('Origin',(61.4305752012481,6.48619999999807,-38.4000000000001));
#4064=CARTESIAN_POINT('Origin',(61.4305752012481,21.3117999999981,-39.4));
#4065=CARTESIAN_POINT('',(63.0337752012481,21.3117999999981,-38.4000000000001));
#4066=CARTESIAN_POINT('Origin',(61.4305752012481,21.3117999999981,-38.4000000000001));
#4067=CARTESIAN_POINT('',(63.0337752012481,21.3117999999981,-39.4));
#4068=CARTESIAN_POINT('',(63.0337752012481,21.3117999999981,-39.4));
#4069=CARTESIAN_POINT('Origin',(61.4305752012481,21.3117999999981,-39.4));
#4070=CARTESIAN_POINT('Origin',(61.4305752012481,21.3117999999981,-38.4000000000001));
#4071=CARTESIAN_POINT('Origin',(54.3764952012481,21.3117999999981,-39.4));
#4072=CARTESIAN_POINT('',(55.9796952012481,21.3117999999981,-38.4000000000001));
#4073=CARTESIAN_POINT('Origin',(54.3764952012481,21.3117999999981,-38.4000000000001));
#4074=CARTESIAN_POINT('',(55.9796952012481,21.3117999999981,-39.4));
#4075=CARTESIAN_POINT('',(55.9796952012481,21.3117999999981,-39.4));
#4076=CARTESIAN_POINT('Origin',(54.3764952012481,21.3117999999981,-39.4));
#4077=CARTESIAN_POINT('Origin',(54.3764952012481,21.3117999999981,-38.4000000000001));
#4078=CARTESIAN_POINT('Origin',(47.3224152012481,21.3117999999981,-39.4));
#4079=CARTESIAN_POINT('',(48.9256152012481,21.3117999999981,-38.4000000000001));
#4080=CARTESIAN_POINT('Origin',(47.3224152012481,21.3117999999981,-38.4000000000001));
#4081=CARTESIAN_POINT('',(48.9256152012481,21.3117999999981,-39.4));
#4082=CARTESIAN_POINT('',(48.9256152012481,21.3117999999981,-39.4));
#4083=CARTESIAN_POINT('Origin',(47.3224152012481,21.3117999999981,-39.4));
#4084=CARTESIAN_POINT('Origin',(47.3224152012481,21.3117999999981,-38.4000000000001));
#4085=CARTESIAN_POINT('Origin',(61.4305752012481,17.6053999999981,-39.4));
#4086=CARTESIAN_POINT('',(63.0337752012481,17.6053999999981,-38.4000000000001));
#4087=CARTESIAN_POINT('Origin',(61.4305752012481,17.6053999999981,-38.4000000000001));
#4088=CARTESIAN_POINT('',(63.0337752012481,17.6053999999981,-39.4));
#4089=CARTESIAN_POINT('',(63.0337752012481,17.6053999999981,-39.4));
#4090=CARTESIAN_POINT('Origin',(61.4305752012481,17.6053999999981,-39.4));
#4091=CARTESIAN_POINT('Origin',(61.4305752012481,17.6053999999981,-38.4000000000001));
#4092=CARTESIAN_POINT('Origin',(54.3764952012481,17.6053999999981,-39.4));
#4093=CARTESIAN_POINT('',(55.9796952012481,17.6053999999981,-38.4000000000001));
#4094=CARTESIAN_POINT('Origin',(54.3764952012481,17.6053999999981,-38.4000000000001));
#4095=CARTESIAN_POINT('',(55.9796952012481,17.6053999999981,-39.4));
#4096=CARTESIAN_POINT('',(55.9796952012481,17.6053999999981,-39.4));
#4097=CARTESIAN_POINT('Origin',(54.3764952012481,17.6053999999981,-39.4));
#4098=CARTESIAN_POINT('Origin',(54.3764952012481,17.6053999999981,-38.4000000000001));
#4099=CARTESIAN_POINT('Origin',(47.3224152012481,17.6053999999981,-39.4));
#4100=CARTESIAN_POINT('',(48.9256152012481,17.6053999999981,-38.4000000000001));
#4101=CARTESIAN_POINT('Origin',(47.3224152012481,17.6053999999981,-38.4000000000001));
#4102=CARTESIAN_POINT('',(48.9256152012481,17.6053999999981,-39.4));
#4103=CARTESIAN_POINT('',(48.9256152012481,17.6053999999981,-39.4));
#4104=CARTESIAN_POINT('Origin',(47.3224152012481,17.6053999999981,-39.4));
#4105=CARTESIAN_POINT('Origin',(47.3224152012481,17.6053999999981,-38.4000000000001));
#4106=CARTESIAN_POINT('Origin',(61.4305752012481,13.8989999999981,-39.4));
#4107=CARTESIAN_POINT('',(63.0337752012481,13.8989999999981,-38.4000000000001));
#4108=CARTESIAN_POINT('Origin',(61.4305752012481,13.8989999999981,-38.4000000000001));
#4109=CARTESIAN_POINT('',(63.0337752012481,13.8989999999981,-39.4));
#4110=CARTESIAN_POINT('',(63.0337752012481,13.8989999999981,-39.4));
#4111=CARTESIAN_POINT('Origin',(61.4305752012481,13.8989999999981,-39.4));
#4112=CARTESIAN_POINT('Origin',(61.4305752012481,13.8989999999981,-38.4000000000001));
#4113=CARTESIAN_POINT('Origin',(54.3764952012481,13.8989999999981,-39.4));
#4114=CARTESIAN_POINT('',(55.9796952012481,13.8989999999981,-38.4000000000001));
#4115=CARTESIAN_POINT('Origin',(54.3764952012481,13.8989999999981,-38.4000000000001));
#4116=CARTESIAN_POINT('',(55.9796952012481,13.8989999999981,-39.4));
#4117=CARTESIAN_POINT('',(55.9796952012481,13.8989999999981,-39.4));
#4118=CARTESIAN_POINT('Origin',(54.3764952012481,13.8989999999981,-39.4));
#4119=CARTESIAN_POINT('Origin',(54.3764952012481,13.8989999999981,-38.4000000000001));
#4120=CARTESIAN_POINT('Origin',(47.3224152012481,13.8989999999981,-39.4));
#4121=CARTESIAN_POINT('',(48.9256152012481,13.8989999999981,-38.4000000000001));
#4122=CARTESIAN_POINT('Origin',(47.3224152012481,13.8989999999981,-38.4000000000001));
#4123=CARTESIAN_POINT('',(48.9256152012481,13.8989999999981,-39.4));
#4124=CARTESIAN_POINT('',(48.9256152012481,13.8989999999981,-39.4));
#4125=CARTESIAN_POINT('Origin',(47.3224152012481,13.8989999999981,-39.4));
#4126=CARTESIAN_POINT('Origin',(47.3224152012481,13.8989999999981,-38.4000000000001));
#4127=CARTESIAN_POINT('Origin',(61.4305752012481,10.1925999999981,-39.4));
#4128=CARTESIAN_POINT('',(63.0337752012481,10.1925999999981,-38.4000000000001));
#4129=CARTESIAN_POINT('Origin',(61.4305752012481,10.1925999999981,-38.4000000000001));
#4130=CARTESIAN_POINT('',(63.0337752012481,10.1925999999981,-39.4));
#4131=CARTESIAN_POINT('',(63.0337752012481,10.1925999999981,-39.4));
#4132=CARTESIAN_POINT('Origin',(61.4305752012481,10.1925999999981,-39.4));
#4133=CARTESIAN_POINT('Origin',(61.4305752012481,10.1925999999981,-38.4000000000001));
#4134=CARTESIAN_POINT('Origin',(54.3764952012481,10.1925999999981,-39.4));
#4135=CARTESIAN_POINT('',(55.9796952012481,10.1925999999981,-38.4000000000001));
#4136=CARTESIAN_POINT('Origin',(54.3764952012481,10.1925999999981,-38.4000000000001));
#4137=CARTESIAN_POINT('',(55.9796952012481,10.1925999999981,-39.4));
#4138=CARTESIAN_POINT('',(55.9796952012481,10.1925999999981,-39.4));
#4139=CARTESIAN_POINT('Origin',(54.3764952012481,10.1925999999981,-39.4));
#4140=CARTESIAN_POINT('Origin',(54.3764952012481,10.1925999999981,-38.4000000000001));
#4141=CARTESIAN_POINT('Origin',(47.3224152012481,10.1925999999981,-39.4));
#4142=CARTESIAN_POINT('',(48.9256152012481,10.1925999999981,-38.4000000000001));
#4143=CARTESIAN_POINT('Origin',(47.3224152012481,10.1925999999981,-38.4000000000001));
#4144=CARTESIAN_POINT('',(48.9256152012481,10.1925999999981,-39.4));
#4145=CARTESIAN_POINT('',(48.9256152012481,10.1925999999981,-39.4));
#4146=CARTESIAN_POINT('Origin',(47.3224152012481,10.1925999999981,-39.4));
#4147=CARTESIAN_POINT('Origin',(47.3224152012481,10.1925999999981,-38.4000000000001));
#4148=CARTESIAN_POINT('Origin',(61.4305752012481,6.48619999999807,-38.4000000000001));
#4149=CARTESIAN_POINT('Origin',(61.4305752012481,-8.33940000000194,-38.4000000000001));
#4150=CARTESIAN_POINT('Origin',(54.3764952012481,6.48619999999807,-39.4));
#4151=CARTESIAN_POINT('',(55.9796952012481,6.48619999999807,-38.4000000000001));
#4152=CARTESIAN_POINT('Origin',(54.3764952012481,6.48619999999807,-38.4000000000001));
#4153=CARTESIAN_POINT('',(55.9796952012481,6.48619999999807,-39.4));
#4154=CARTESIAN_POINT('',(55.9796952012481,6.48619999999807,-39.4));
#4155=CARTESIAN_POINT('Origin',(54.3764952012481,6.48619999999807,-39.4));
#4156=CARTESIAN_POINT('Origin',(54.3764952012481,6.48619999999807,-38.4000000000001));
#4157=CARTESIAN_POINT('Origin',(47.3224152012481,6.48619999999807,-39.4));
#4158=CARTESIAN_POINT('',(48.9256152012481,6.48619999999807,-38.4000000000001));
#4159=CARTESIAN_POINT('Origin',(47.3224152012481,6.48619999999807,-38.4000000000001));
#4160=CARTESIAN_POINT('',(48.9256152012481,6.48619999999807,-39.4));
#4161=CARTESIAN_POINT('',(48.9256152012481,6.48619999999807,-39.4));
#4162=CARTESIAN_POINT('Origin',(47.3224152012481,6.48619999999807,-39.4));
#4163=CARTESIAN_POINT('Origin',(47.3224152012481,6.48619999999807,-38.4000000000001));
#4164=CARTESIAN_POINT('Origin',(54.3764952012481,2.77979999999806,-39.4));
#4165=CARTESIAN_POINT('',(55.9796952012481,2.77979999999806,-38.4000000000001));
#4166=CARTESIAN_POINT('Origin',(54.3764952012481,2.77979999999806,-38.4000000000001));
#4167=CARTESIAN_POINT('',(55.9796952012481,2.77979999999806,-39.4));
#4168=CARTESIAN_POINT('',(55.9796952012481,2.77979999999806,-39.4));
#4169=CARTESIAN_POINT('Origin',(54.3764952012481,2.77979999999806,-39.4));
#4170=CARTESIAN_POINT('Origin',(54.3764952012481,2.77979999999806,-38.4000000000001));
#4171=CARTESIAN_POINT('Origin',(47.3224152012481,2.77979999999806,-39.4));
#4172=CARTESIAN_POINT('',(48.9256152012481,2.77979999999806,-38.4000000000001));
#4173=CARTESIAN_POINT('Origin',(47.3224152012481,2.77979999999806,-38.4000000000001));
#4174=CARTESIAN_POINT('',(48.9256152012481,2.77979999999806,-39.4));
#4175=CARTESIAN_POINT('',(48.9256152012481,2.77979999999806,-39.4));
#4176=CARTESIAN_POINT('Origin',(47.3224152012481,2.77979999999806,-39.4));
#4177=CARTESIAN_POINT('Origin',(47.3224152012481,2.77979999999806,-38.4000000000001));
#4178=CARTESIAN_POINT('Origin',(54.3764952012481,-0.926600000001938,-39.4));
#4179=CARTESIAN_POINT('',(55.9796952012481,-0.926600000001936,-38.4000000000001));
#4180=CARTESIAN_POINT('Origin',(54.3764952012481,-0.926600000001936,-38.4000000000001));
#4181=CARTESIAN_POINT('',(55.9796952012481,-0.926600000001938,-39.4));
#4182=CARTESIAN_POINT('',(55.9796952012481,-0.926600000001938,-39.4));
#4183=CARTESIAN_POINT('Origin',(54.3764952012481,-0.926600000001938,-39.4));
#4184=CARTESIAN_POINT('Origin',(54.3764952012481,-0.926600000001936,-38.4000000000001));
#4185=CARTESIAN_POINT('Origin',(54.3764952012481,-4.63300000000194,-39.4));
#4186=CARTESIAN_POINT('',(55.9796952012481,-4.63300000000193,-38.4000000000001));
#4187=CARTESIAN_POINT('Origin',(54.3764952012481,-4.63300000000193,-38.4000000000001));
#4188=CARTESIAN_POINT('',(55.9796952012481,-4.63300000000194,-39.4));
#4189=CARTESIAN_POINT('',(55.9796952012481,-4.63300000000194,-39.4));
#4190=CARTESIAN_POINT('Origin',(54.3764952012481,-4.63300000000194,-39.4));
#4191=CARTESIAN_POINT('Origin',(54.3764952012481,-4.63300000000193,-38.4000000000001));
#4192=CARTESIAN_POINT('Origin',(47.3224152012481,-4.63300000000194,-39.4));
#4193=CARTESIAN_POINT('',(48.9256152012481,-4.63300000000193,-38.4000000000001));
#4194=CARTESIAN_POINT('Origin',(47.3224152012481,-4.63300000000193,-38.4000000000001));
#4195=CARTESIAN_POINT('',(48.9256152012481,-4.63300000000194,-39.4));
#4196=CARTESIAN_POINT('',(48.9256152012481,-4.63300000000194,-39.4));
#4197=CARTESIAN_POINT('Origin',(47.3224152012481,-4.63300000000194,-39.4));
#4198=CARTESIAN_POINT('Origin',(47.3224152012481,-4.63300000000193,-38.4000000000001));
#4199=CARTESIAN_POINT('Origin',(61.4305752012481,-8.33940000000194,-39.4));
#4200=CARTESIAN_POINT('Origin',(61.4305752012481,-8.33940000000194,-39.4));
#4201=CARTESIAN_POINT('Origin',(54.3764952012481,-8.33940000000194,-39.4));
#4202=CARTESIAN_POINT('',(55.9796952012481,-8.33940000000194,-38.4000000000001));
#4203=CARTESIAN_POINT('Origin',(54.3764952012481,-8.33940000000194,-38.4000000000001));
#4204=CARTESIAN_POINT('',(55.9796952012481,-8.33940000000194,-39.4));
#4205=CARTESIAN_POINT('',(55.9796952012481,-8.33940000000194,-39.4));
#4206=CARTESIAN_POINT('Origin',(54.3764952012481,-8.33940000000194,-39.4));
#4207=CARTESIAN_POINT('Origin',(54.3764952012481,-8.33940000000194,-38.4000000000001));
#4208=CARTESIAN_POINT('Origin',(47.3224152012481,-8.33940000000194,-39.4));
#4209=CARTESIAN_POINT('',(48.9256152012481,-8.33940000000194,-38.4000000000001));
#4210=CARTESIAN_POINT('Origin',(47.3224152012481,-8.33940000000194,-38.4000000000001));
#4211=CARTESIAN_POINT('',(48.9256152012481,-8.33940000000194,-39.4));
#4212=CARTESIAN_POINT('',(48.9256152012481,-8.33940000000194,-39.4));
#4213=CARTESIAN_POINT('Origin',(47.3224152012481,-8.33940000000194,-39.4));
#4214=CARTESIAN_POINT('Origin',(47.3224152012481,-8.33940000000194,-38.4000000000001));
#4215=CARTESIAN_POINT('Origin',(61.4305752012481,-12.0458000000019,-39.4));
#4216=CARTESIAN_POINT('',(63.0337752012481,-12.0458000000019,-38.4000000000001));
#4217=CARTESIAN_POINT('Origin',(61.4305752012481,-12.0458000000019,-38.4000000000001));
#4218=CARTESIAN_POINT('',(63.0337752012481,-12.0458000000019,-39.4));
#4219=CARTESIAN_POINT('',(63.0337752012481,-12.0458000000019,-39.4));
#4220=CARTESIAN_POINT('Origin',(61.4305752012481,-12.0458000000019,-39.4));
#4221=CARTESIAN_POINT('Origin',(61.4305752012481,-12.0458000000019,-38.4000000000001));
#4222=CARTESIAN_POINT('Origin',(54.3764952012481,-12.0458000000019,-39.4));
#4223=CARTESIAN_POINT('',(55.9796952012481,-12.0458000000019,-38.4000000000001));
#4224=CARTESIAN_POINT('Origin',(54.3764952012481,-12.0458000000019,-38.4000000000001));
#4225=CARTESIAN_POINT('',(55.9796952012481,-12.0458000000019,-39.4));
#4226=CARTESIAN_POINT('',(55.9796952012481,-12.0458000000019,-39.4));
#4227=CARTESIAN_POINT('Origin',(54.3764952012481,-12.0458000000019,-39.4));
#4228=CARTESIAN_POINT('Origin',(54.3764952012481,-12.0458000000019,-38.4000000000001));
#4229=CARTESIAN_POINT('Origin',(47.3224152012481,-12.0458000000019,-39.4));
#4230=CARTESIAN_POINT('',(48.9256152012481,-12.0458000000019,-38.4000000000001));
#4231=CARTESIAN_POINT('Origin',(47.3224152012481,-12.0458000000019,-38.4000000000001));
#4232=CARTESIAN_POINT('',(48.9256152012481,-12.0458000000019,-39.4));
#4233=CARTESIAN_POINT('',(48.9256152012481,-12.0458000000019,-39.4));
#4234=CARTESIAN_POINT('Origin',(47.3224152012481,-12.0458000000019,-39.4));
#4235=CARTESIAN_POINT('Origin',(47.3224152012481,-12.0458000000019,-38.4000000000001));
#4236=CARTESIAN_POINT('Origin',(61.4305752012481,-15.7522000000019,-39.4));
#4237=CARTESIAN_POINT('',(63.0337752012481,-15.7522000000019,-38.4000000000001));
#4238=CARTESIAN_POINT('Origin',(61.4305752012481,-15.7522000000019,-38.4000000000001));
#4239=CARTESIAN_POINT('',(63.0337752012481,-15.7522000000019,-39.4));
#4240=CARTESIAN_POINT('',(63.0337752012481,-15.7522000000019,-39.4));
#4241=CARTESIAN_POINT('Origin',(61.4305752012481,-15.7522000000019,-39.4));
#4242=CARTESIAN_POINT('Origin',(61.4305752012481,-15.7522000000019,-38.4000000000001));
#4243=CARTESIAN_POINT('Origin',(54.3764952012481,-15.7522000000019,-39.4));
#4244=CARTESIAN_POINT('',(55.9796952012481,-15.7522000000019,-38.4000000000001));
#4245=CARTESIAN_POINT('Origin',(54.3764952012481,-15.7522000000019,-38.4000000000001));
#4246=CARTESIAN_POINT('',(55.9796952012481,-15.7522000000019,-39.4));
#4247=CARTESIAN_POINT('',(55.9796952012481,-15.7522000000019,-39.4));
#4248=CARTESIAN_POINT('Origin',(54.3764952012481,-15.7522000000019,-39.4));
#4249=CARTESIAN_POINT('Origin',(54.3764952012481,-15.7522000000019,-38.4000000000001));
#4250=CARTESIAN_POINT('Origin',(47.3224152012481,-15.7522000000019,-39.4));
#4251=CARTESIAN_POINT('',(48.9256152012481,-15.7522000000019,-38.4000000000001));
#4252=CARTESIAN_POINT('Origin',(47.3224152012481,-15.7522000000019,-38.4000000000001));
#4253=CARTESIAN_POINT('',(48.9256152012481,-15.7522000000019,-39.4));
#4254=CARTESIAN_POINT('',(48.9256152012481,-15.7522000000019,-39.4));
#4255=CARTESIAN_POINT('Origin',(47.3224152012481,-15.7522000000019,-39.4));
#4256=CARTESIAN_POINT('Origin',(47.3224152012481,-15.7522000000019,-38.4000000000001));
#4257=CARTESIAN_POINT('Origin',(61.4305752012481,-19.4586000000019,-39.4));
#4258=CARTESIAN_POINT('',(63.0337752012481,-19.4586000000019,-38.4000000000001));
#4259=CARTESIAN_POINT('Origin',(61.4305752012481,-19.4586000000019,-38.4000000000001));
#4260=CARTESIAN_POINT('',(63.0337752012481,-19.4586000000019,-39.4));
#4261=CARTESIAN_POINT('',(63.0337752012481,-19.4586000000019,-39.4));
#4262=CARTESIAN_POINT('Origin',(61.4305752012481,-19.4586000000019,-39.3999999999999));
#4263=CARTESIAN_POINT('Origin',(61.4305752012481,-19.4586000000019,-38.4000000000001));
#4264=CARTESIAN_POINT('Origin',(54.3764952012481,-19.4586000000019,-39.4));
#4265=CARTESIAN_POINT('',(55.9796952012481,-19.4586000000019,-38.4000000000001));
#4266=CARTESIAN_POINT('Origin',(54.3764952012481,-19.4586000000019,-38.4000000000001));
#4267=CARTESIAN_POINT('',(55.9796952012481,-19.4586000000019,-39.4));
#4268=CARTESIAN_POINT('',(55.9796952012481,-19.4586000000019,-39.4));
#4269=CARTESIAN_POINT('Origin',(54.3764952012481,-19.4586000000019,-39.3999999999999));
#4270=CARTESIAN_POINT('Origin',(54.3764952012481,-19.4586000000019,-38.4000000000001));
#4271=CARTESIAN_POINT('Origin',(47.3224152012481,-19.4586000000019,-39.4));
#4272=CARTESIAN_POINT('',(48.9256152012481,-19.4586000000019,-38.4000000000001));
#4273=CARTESIAN_POINT('Origin',(47.3224152012481,-19.4586000000019,-38.4000000000001));
#4274=CARTESIAN_POINT('',(48.9256152012481,-19.4586000000019,-39.4));
#4275=CARTESIAN_POINT('',(48.9256152012481,-19.4586000000019,-39.4));
#4276=CARTESIAN_POINT('Origin',(47.3224152012481,-19.4586000000019,-39.3999999999999));
#4277=CARTESIAN_POINT('Origin',(47.3224152012481,-19.4586000000019,-38.4000000000001));
#4278=CARTESIAN_POINT('Origin',(47.3224152012481,-0.926600000001938,-39.4));
#4279=CARTESIAN_POINT('',(48.9256152012481,-0.926600000001936,-38.4000000000001));
#4280=CARTESIAN_POINT('Origin',(47.3224152012481,-0.926600000001935,-38.4000000000001));
#4281=CARTESIAN_POINT('',(48.9256152012481,-0.926600000001938,-39.4));
#4282=CARTESIAN_POINT('',(48.9256152012481,-0.926600000001938,-39.4));
#4283=CARTESIAN_POINT('Origin',(47.3224152012481,-0.926600000001938,-39.4));
#4284=CARTESIAN_POINT('Origin',(47.3224152012481,-0.926600000001935,-38.4000000000001));
#4285=CARTESIAN_POINT('Origin',(57.9035352012482,-21.3118000000019,-39.4));
#4286=CARTESIAN_POINT('',(59.5067352012482,-21.3118000000019,-38.4000000000001));
#4287=CARTESIAN_POINT('Origin',(57.9035352012482,-21.3118000000019,-38.4000000000001));
#4288=CARTESIAN_POINT('',(59.5067352012482,-21.3118000000019,-39.4));
#4289=CARTESIAN_POINT('',(59.5067352012482,-21.3118000000019,-39.4));
#4290=CARTESIAN_POINT('Origin',(57.9035352012482,-21.3118000000019,-39.3999999999999));
#4291=CARTESIAN_POINT('Origin',(57.9035352012482,-21.3118000000019,-38.4000000000001));
#4292=CARTESIAN_POINT('Origin',(57.9035352012482,-17.6054000000019,-39.4));
#4293=CARTESIAN_POINT('',(59.5067352012482,-17.6054000000019,-38.4000000000001));
#4294=CARTESIAN_POINT('Origin',(57.9035352012482,-17.6054000000019,-38.4000000000001));
#4295=CARTESIAN_POINT('',(59.5067352012482,-17.6054000000019,-39.4));
#4296=CARTESIAN_POINT('',(59.5067352012482,-17.6054000000019,-39.4));
#4297=CARTESIAN_POINT('Origin',(57.9035352012482,-17.6054000000019,-39.4));
#4298=CARTESIAN_POINT('Origin',(57.9035352012482,-17.6054000000019,-38.4000000000001));
#4299=CARTESIAN_POINT('Origin',(57.9035352012482,-13.8990000000019,-39.4));
#4300=CARTESIAN_POINT('',(59.5067352012482,-13.8990000000019,-38.4000000000001));
#4301=CARTESIAN_POINT('Origin',(57.9035352012482,-13.8990000000019,-38.4000000000001));
#4302=CARTESIAN_POINT('',(59.5067352012482,-13.8990000000019,-39.4));
#4303=CARTESIAN_POINT('',(59.5067352012482,-13.8990000000019,-39.4));
#4304=CARTESIAN_POINT('Origin',(57.9035352012482,-13.8990000000019,-39.4));
#4305=CARTESIAN_POINT('Origin',(57.9035352012482,-13.8990000000019,-38.4000000000001));
#4306=CARTESIAN_POINT('Origin',(57.9035352012482,-10.1926000000019,-39.4));
#4307=CARTESIAN_POINT('',(59.5067352012482,-10.1926000000019,-38.4000000000001));
#4308=CARTESIAN_POINT('Origin',(57.9035352012482,-10.1926000000019,-38.4000000000001));
#4309=CARTESIAN_POINT('',(59.5067352012482,-10.1926000000019,-39.4));
#4310=CARTESIAN_POINT('',(59.5067352012482,-10.1926000000019,-39.4));
#4311=CARTESIAN_POINT('Origin',(57.9035352012482,-10.1926000000019,-39.4));
#4312=CARTESIAN_POINT('Origin',(57.9035352012482,-10.1926000000019,-38.4000000000001));
#4313=CARTESIAN_POINT('Origin',(57.9035352012482,-6.48620000000194,-39.4));
#4314=CARTESIAN_POINT('',(59.5067352012482,-6.48620000000194,-38.4000000000001));
#4315=CARTESIAN_POINT('Origin',(57.9035352012482,-6.48620000000194,-38.4000000000001));
#4316=CARTESIAN_POINT('',(59.5067352012482,-6.48620000000194,-39.4));
#4317=CARTESIAN_POINT('',(59.5067352012482,-6.48620000000194,-39.4));
#4318=CARTESIAN_POINT('Origin',(57.9035352012482,-6.48620000000194,-39.4));
#4319=CARTESIAN_POINT('Origin',(57.9035352012482,-6.48620000000194,-38.4000000000001));
#4320=CARTESIAN_POINT('Origin',(57.9035352012482,-2.77980000000194,-39.4));
#4321=CARTESIAN_POINT('',(59.5067352012482,-2.77980000000194,-38.4000000000001));
#4322=CARTESIAN_POINT('Origin',(57.9035352012482,-2.77980000000194,-38.4000000000001));
#4323=CARTESIAN_POINT('',(59.5067352012482,-2.77980000000194,-39.4));
#4324=CARTESIAN_POINT('',(59.5067352012482,-2.77980000000194,-39.4));
#4325=CARTESIAN_POINT('Origin',(57.9035352012482,-2.77980000000194,-39.4));
#4326=CARTESIAN_POINT('Origin',(57.9035352012482,-2.77980000000194,-38.4000000000001));
#4327=CARTESIAN_POINT('Origin',(57.9035352012482,0.926599999998057,-39.4));
#4328=CARTESIAN_POINT('',(59.5067352012482,0.926599999998059,-38.4000000000001));
#4329=CARTESIAN_POINT('Origin',(57.9035352012482,0.926599999998059,-38.4000000000001));
#4330=CARTESIAN_POINT('',(59.5067352012482,0.926599999998057,-39.4));
#4331=CARTESIAN_POINT('',(59.5067352012482,0.926599999998057,-39.4));
#4332=CARTESIAN_POINT('Origin',(57.9035352012482,0.926599999998057,-39.4));
#4333=CARTESIAN_POINT('Origin',(57.9035352012482,0.926599999998059,-38.4000000000001));
#4334=CARTESIAN_POINT('Origin',(57.9035352012482,4.63299999999806,-39.4));
#4335=CARTESIAN_POINT('',(59.5067352012482,4.63299999999806,-38.4000000000002));
#4336=CARTESIAN_POINT('Origin',(57.9035352012482,4.63299999999806,-38.4000000000002));
#4337=CARTESIAN_POINT('',(59.5067352012482,4.63299999999806,-39.4));
#4338=CARTESIAN_POINT('',(59.5067352012482,4.63299999999806,-39.4));
#4339=CARTESIAN_POINT('Origin',(57.9035352012482,4.63299999999806,-39.4));
#4340=CARTESIAN_POINT('Origin',(57.9035352012482,4.63299999999806,-38.4000000000002));
#4341=CARTESIAN_POINT('Origin',(57.9035352012482,8.33939999999806,-39.4));
#4342=CARTESIAN_POINT('',(59.5067352012482,8.33939999999806,-38.4000000000002));
#4343=CARTESIAN_POINT('Origin',(57.9035352012482,8.33939999999806,-38.4000000000002));
#4344=CARTESIAN_POINT('',(59.5067352012482,8.33939999999806,-39.4));
#4345=CARTESIAN_POINT('',(59.5067352012482,8.33939999999806,-39.4));
#4346=CARTESIAN_POINT('Origin',(57.9035352012482,8.33939999999806,-39.4));
#4347=CARTESIAN_POINT('Origin',(57.9035352012482,8.33939999999806,-38.4000000000002));
#4348=CARTESIAN_POINT('Origin',(57.9035352012482,12.0457999999981,-39.4));
#4349=CARTESIAN_POINT('',(59.5067352012482,12.0457999999981,-38.4000000000002));
#4350=CARTESIAN_POINT('Origin',(57.9035352012482,12.0457999999981,-38.4000000000002));
#4351=CARTESIAN_POINT('',(59.5067352012482,12.0457999999981,-39.4));
#4352=CARTESIAN_POINT('',(59.5067352012482,12.0457999999981,-39.4));
#4353=CARTESIAN_POINT('Origin',(57.9035352012482,12.0457999999981,-39.4));
#4354=CARTESIAN_POINT('Origin',(57.9035352012482,12.0457999999981,-38.4000000000002));
#4355=CARTESIAN_POINT('Origin',(57.9035352012482,15.7521999999981,-39.4));
#4356=CARTESIAN_POINT('',(59.5067352012482,15.7521999999981,-38.4000000000002));
#4357=CARTESIAN_POINT('Origin',(57.9035352012482,15.7521999999981,-38.4000000000002));
#4358=CARTESIAN_POINT('',(59.5067352012482,15.7521999999981,-39.4));
#4359=CARTESIAN_POINT('',(59.5067352012482,15.7521999999981,-39.4));
#4360=CARTESIAN_POINT('Origin',(57.9035352012482,15.7521999999981,-39.4));
#4361=CARTESIAN_POINT('Origin',(57.9035352012482,15.7521999999981,-38.4000000000002));
#4362=CARTESIAN_POINT('Origin',(57.9035352012482,19.4585999999981,-39.4));
#4363=CARTESIAN_POINT('',(59.5067352012482,19.4585999999981,-38.4000000000002));
#4364=CARTESIAN_POINT('Origin',(57.9035352012482,19.4585999999981,-38.4000000000002));
#4365=CARTESIAN_POINT('',(59.5067352012482,19.4585999999981,-39.4));
#4366=CARTESIAN_POINT('',(59.5067352012482,19.4585999999981,-39.4));
#4367=CARTESIAN_POINT('Origin',(57.9035352012482,19.4585999999981,-39.4));
#4368=CARTESIAN_POINT('Origin',(57.9035352012482,19.4585999999981,-38.4000000000002));
#4369=CARTESIAN_POINT('Origin',(50.8494552012482,-21.3118000000019,-39.4));
#4370=CARTESIAN_POINT('',(52.4526552012482,-21.3118000000019,-38.4000000000001));
#4371=CARTESIAN_POINT('Origin',(50.8494552012482,-21.3118000000019,-38.4000000000001));
#4372=CARTESIAN_POINT('',(52.4526552012482,-21.3118000000019,-39.4));
#4373=CARTESIAN_POINT('',(52.4526552012482,-21.3118000000019,-39.4));
#4374=CARTESIAN_POINT('Origin',(50.8494552012482,-21.3118000000019,-39.3999999999999));
#4375=CARTESIAN_POINT('Origin',(50.8494552012482,-21.3118000000019,-38.4000000000001));
#4376=CARTESIAN_POINT('Origin',(50.8494552012482,-17.6054000000019,-39.4));
#4377=CARTESIAN_POINT('',(52.4526552012482,-17.6054000000019,-38.4000000000001));
#4378=CARTESIAN_POINT('Origin',(50.8494552012482,-17.6054000000019,-38.4000000000001));
#4379=CARTESIAN_POINT('',(52.4526552012482,-17.6054000000019,-39.4));
#4380=CARTESIAN_POINT('',(52.4526552012482,-17.6054000000019,-39.4));
#4381=CARTESIAN_POINT('Origin',(50.8494552012482,-17.6054000000019,-39.4));
#4382=CARTESIAN_POINT('Origin',(50.8494552012482,-17.6054000000019,-38.4000000000001));
#4383=CARTESIAN_POINT('Origin',(50.8494552012482,-13.8990000000019,-39.4));
#4384=CARTESIAN_POINT('',(52.4526552012482,-13.8990000000019,-38.4000000000001));
#4385=CARTESIAN_POINT('Origin',(50.8494552012482,-13.8990000000019,-38.4000000000001));
#4386=CARTESIAN_POINT('',(52.4526552012482,-13.8990000000019,-39.4));
#4387=CARTESIAN_POINT('',(52.4526552012482,-13.8990000000019,-39.4));
#4388=CARTESIAN_POINT('Origin',(50.8494552012482,-13.8990000000019,-39.4));
#4389=CARTESIAN_POINT('Origin',(50.8494552012482,-13.8990000000019,-38.4000000000001));
#4390=CARTESIAN_POINT('Origin',(50.8494552012482,-10.1926000000019,-39.4));
#4391=CARTESIAN_POINT('',(52.4526552012482,-10.1926000000019,-38.4000000000001));
#4392=CARTESIAN_POINT('Origin',(50.8494552012482,-10.1926000000019,-38.4000000000001));
#4393=CARTESIAN_POINT('',(52.4526552012482,-10.1926000000019,-39.4));
#4394=CARTESIAN_POINT('',(52.4526552012482,-10.1926000000019,-39.4));
#4395=CARTESIAN_POINT('Origin',(50.8494552012482,-10.1926000000019,-39.4));
#4396=CARTESIAN_POINT('Origin',(50.8494552012482,-10.1926000000019,-38.4000000000001));
#4397=CARTESIAN_POINT('Origin',(50.8494552012482,-6.48620000000194,-39.4));
#4398=CARTESIAN_POINT('',(52.4526552012482,-6.48620000000194,-38.4000000000001));
#4399=CARTESIAN_POINT('Origin',(50.8494552012482,-6.48620000000194,-38.4000000000001));
#4400=CARTESIAN_POINT('',(52.4526552012482,-6.48620000000194,-39.4));
#4401=CARTESIAN_POINT('',(52.4526552012482,-6.48620000000194,-39.4));
#4402=CARTESIAN_POINT('Origin',(50.8494552012482,-6.48620000000194,-39.4));
#4403=CARTESIAN_POINT('Origin',(50.8494552012482,-6.48620000000194,-38.4000000000001));
#4404=CARTESIAN_POINT('Origin',(50.8494552012482,-2.77980000000194,-39.4));
#4405=CARTESIAN_POINT('',(52.4526552012482,-2.77980000000194,-38.4000000000001));
#4406=CARTESIAN_POINT('Origin',(50.8494552012482,-2.77980000000194,-38.4000000000001));
#4407=CARTESIAN_POINT('',(52.4526552012482,-2.77980000000194,-39.4));
#4408=CARTESIAN_POINT('',(52.4526552012482,-2.77980000000194,-39.4));
#4409=CARTESIAN_POINT('Origin',(50.8494552012482,-2.77980000000194,-39.4));
#4410=CARTESIAN_POINT('Origin',(50.8494552012482,-2.77980000000194,-38.4000000000001));
#4411=CARTESIAN_POINT('Origin',(50.8494552012482,0.926599999998057,-39.4));
#4412=CARTESIAN_POINT('',(52.4526552012482,0.926599999998059,-38.4000000000001));
#4413=CARTESIAN_POINT('Origin',(50.8494552012482,0.926599999998059,-38.4000000000001));
#4414=CARTESIAN_POINT('',(52.4526552012482,0.926599999998057,-39.4));
#4415=CARTESIAN_POINT('',(52.4526552012482,0.926599999998057,-39.4));
#4416=CARTESIAN_POINT('Origin',(50.8494552012482,0.926599999998057,-39.4));
#4417=CARTESIAN_POINT('Origin',(50.8494552012482,0.926599999998059,-38.4000000000001));
#4418=CARTESIAN_POINT('Origin',(50.8494552012482,4.63299999999806,-39.4));
#4419=CARTESIAN_POINT('',(52.4526552012482,4.63299999999806,-38.4000000000002));
#4420=CARTESIAN_POINT('Origin',(50.8494552012482,4.63299999999806,-38.4000000000002));
#4421=CARTESIAN_POINT('',(52.4526552012482,4.63299999999806,-39.4));
#4422=CARTESIAN_POINT('',(52.4526552012482,4.63299999999806,-39.4));
#4423=CARTESIAN_POINT('Origin',(50.8494552012482,4.63299999999806,-39.4));
#4424=CARTESIAN_POINT('Origin',(50.8494552012482,4.63299999999806,-38.4000000000002));
#4425=CARTESIAN_POINT('Origin',(50.8494552012482,8.33939999999806,-39.4));
#4426=CARTESIAN_POINT('',(52.4526552012482,8.33939999999806,-38.4000000000002));
#4427=CARTESIAN_POINT('Origin',(50.8494552012482,8.33939999999806,-38.4000000000002));
#4428=CARTESIAN_POINT('',(52.4526552012482,8.33939999999806,-39.4));
#4429=CARTESIAN_POINT('',(52.4526552012482,8.33939999999806,-39.4));
#4430=CARTESIAN_POINT('Origin',(50.8494552012482,8.33939999999806,-39.4));
#4431=CARTESIAN_POINT('Origin',(50.8494552012482,8.33939999999806,-38.4000000000002));
#4432=CARTESIAN_POINT('Origin',(50.8494552012482,12.0457999999981,-39.4));
#4433=CARTESIAN_POINT('',(52.4526552012482,12.0457999999981,-38.4000000000002));
#4434=CARTESIAN_POINT('Origin',(50.8494552012482,12.0457999999981,-38.4000000000002));
#4435=CARTESIAN_POINT('',(52.4526552012482,12.0457999999981,-39.4));
#4436=CARTESIAN_POINT('',(52.4526552012482,12.0457999999981,-39.4));
#4437=CARTESIAN_POINT('Origin',(50.8494552012482,12.0457999999981,-39.4));
#4438=CARTESIAN_POINT('Origin',(50.8494552012482,12.0457999999981,-38.4000000000002));
#4439=CARTESIAN_POINT('Origin',(50.8494552012482,15.7521999999981,-39.4));
#4440=CARTESIAN_POINT('',(52.4526552012482,15.7521999999981,-38.4000000000002));
#4441=CARTESIAN_POINT('Origin',(50.8494552012482,15.7521999999981,-38.4000000000002));
#4442=CARTESIAN_POINT('',(52.4526552012482,15.7521999999981,-39.4));
#4443=CARTESIAN_POINT('',(52.4526552012482,15.7521999999981,-39.4));
#4444=CARTESIAN_POINT('Origin',(50.8494552012482,15.7521999999981,-39.4));
#4445=CARTESIAN_POINT('Origin',(50.8494552012482,15.7521999999981,-38.4000000000002));
#4446=CARTESIAN_POINT('Origin',(50.8494552012482,19.4585999999981,-39.4));
#4447=CARTESIAN_POINT('',(52.4526552012482,19.4585999999981,-38.4000000000002));
#4448=CARTESIAN_POINT('Origin',(50.8494552012482,19.4585999999981,-38.4000000000002));
#4449=CARTESIAN_POINT('',(52.4526552012482,19.4585999999981,-39.4));
#4450=CARTESIAN_POINT('',(52.4526552012482,19.4585999999981,-39.4));
#4451=CARTESIAN_POINT('Origin',(50.8494552012482,19.4585999999981,-39.4));
#4452=CARTESIAN_POINT('Origin',(50.8494552012482,19.4585999999981,-38.4000000000002));
#4453=CARTESIAN_POINT('Origin',(43.7953752012481,-21.3118000000019,-39.4));
#4454=CARTESIAN_POINT('',(45.3985752012482,-21.3118000000019,-38.4000000000001));
#4455=CARTESIAN_POINT('Origin',(43.7953752012481,-21.3118000000019,-38.4000000000001));
#4456=CARTESIAN_POINT('',(45.3985752012482,-21.3118000000019,-39.4));
#4457=CARTESIAN_POINT('',(45.3985752012482,-21.3118000000019,-39.4));
#4458=CARTESIAN_POINT('Origin',(43.7953752012481,-21.3118000000019,-39.3999999999999));
#4459=CARTESIAN_POINT('Origin',(43.7953752012481,-21.3118000000019,-38.4000000000001));
#4460=CARTESIAN_POINT('Origin',(43.7953752012481,-17.6054000000019,-39.4));
#4461=CARTESIAN_POINT('',(45.3985752012482,-17.6054000000019,-38.4000000000001));
#4462=CARTESIAN_POINT('Origin',(43.7953752012481,-17.6054000000019,-38.4000000000001));
#4463=CARTESIAN_POINT('',(45.3985752012482,-17.6054000000019,-39.4));
#4464=CARTESIAN_POINT('',(45.3985752012482,-17.6054000000019,-39.4));
#4465=CARTESIAN_POINT('Origin',(43.7953752012481,-17.6054000000019,-39.4));
#4466=CARTESIAN_POINT('Origin',(43.7953752012481,-17.6054000000019,-38.4000000000001));
#4467=CARTESIAN_POINT('Origin',(43.7953752012481,-13.8990000000019,-39.4));
#4468=CARTESIAN_POINT('',(45.3985752012482,-13.8990000000019,-38.4000000000001));
#4469=CARTESIAN_POINT('Origin',(43.7953752012481,-13.8990000000019,-38.4000000000001));
#4470=CARTESIAN_POINT('',(45.3985752012482,-13.8990000000019,-39.4));
#4471=CARTESIAN_POINT('',(45.3985752012482,-13.8990000000019,-39.4));
#4472=CARTESIAN_POINT('Origin',(43.7953752012481,-13.8990000000019,-39.4));
#4473=CARTESIAN_POINT('Origin',(43.7953752012481,-13.8990000000019,-38.4000000000001));
#4474=CARTESIAN_POINT('Origin',(43.7953752012481,-10.1926000000019,-39.4));
#4475=CARTESIAN_POINT('',(45.3985752012482,-10.1926000000019,-38.4000000000001));
#4476=CARTESIAN_POINT('Origin',(43.7953752012481,-10.1926000000019,-38.4000000000001));
#4477=CARTESIAN_POINT('',(45.3985752012482,-10.1926000000019,-39.4));
#4478=CARTESIAN_POINT('',(45.3985752012482,-10.1926000000019,-39.4));
#4479=CARTESIAN_POINT('Origin',(43.7953752012481,-10.1926000000019,-39.4));
#4480=CARTESIAN_POINT('Origin',(43.7953752012481,-10.1926000000019,-38.4000000000001));
#4481=CARTESIAN_POINT('Origin',(43.7953752012481,-6.48620000000194,-39.4));
#4482=CARTESIAN_POINT('',(45.3985752012482,-6.48620000000194,-38.4000000000001));
#4483=CARTESIAN_POINT('Origin',(43.7953752012481,-6.48620000000194,-38.4000000000001));
#4484=CARTESIAN_POINT('',(45.3985752012482,-6.48620000000194,-39.4));
#4485=CARTESIAN_POINT('',(45.3985752012482,-6.48620000000194,-39.4));
#4486=CARTESIAN_POINT('Origin',(43.7953752012481,-6.48620000000194,-39.4));
#4487=CARTESIAN_POINT('Origin',(43.7953752012481,-6.48620000000194,-38.4000000000001));
#4488=CARTESIAN_POINT('Origin',(43.7953752012481,-2.77980000000194,-39.4));
#4489=CARTESIAN_POINT('',(45.3985752012482,-2.77980000000194,-38.4000000000001));
#4490=CARTESIAN_POINT('Origin',(43.7953752012481,-2.77980000000194,-38.4000000000001));
#4491=CARTESIAN_POINT('',(45.3985752012482,-2.77980000000194,-39.4));
#4492=CARTESIAN_POINT('',(45.3985752012482,-2.77980000000194,-39.4));
#4493=CARTESIAN_POINT('Origin',(43.7953752012481,-2.77980000000194,-39.4));
#4494=CARTESIAN_POINT('Origin',(43.7953752012481,-2.77980000000194,-38.4000000000001));
#4495=CARTESIAN_POINT('Origin',(43.7953752012481,4.63299999999806,-39.4));
#4496=CARTESIAN_POINT('',(45.3985752012482,4.63299999999806,-38.4000000000002));
#4497=CARTESIAN_POINT('Origin',(43.7953752012481,4.63299999999806,-38.4000000000002));
#4498=CARTESIAN_POINT('',(45.3985752012482,4.63299999999806,-39.4));
#4499=CARTESIAN_POINT('',(45.3985752012482,4.63299999999806,-39.4));
#4500=CARTESIAN_POINT('Origin',(43.7953752012481,4.63299999999806,-39.4));
#4501=CARTESIAN_POINT('Origin',(43.7953752012481,4.63299999999806,-38.4000000000002));
#4502=CARTESIAN_POINT('Origin',(43.7953752012481,8.33939999999806,-39.4));
#4503=CARTESIAN_POINT('',(45.3985752012482,8.33939999999806,-38.4000000000002));
#4504=CARTESIAN_POINT('Origin',(43.7953752012481,8.33939999999806,-38.4000000000002));
#4505=CARTESIAN_POINT('',(45.3985752012482,8.33939999999806,-39.4));
#4506=CARTESIAN_POINT('',(45.3985752012482,8.33939999999806,-39.4));
#4507=CARTESIAN_POINT('Origin',(43.7953752012481,8.33939999999806,-39.4));
#4508=CARTESIAN_POINT('Origin',(43.7953752012481,8.33939999999806,-38.4000000000002));
#4509=CARTESIAN_POINT('Origin',(43.7953752012481,12.0457999999981,-39.4));
#4510=CARTESIAN_POINT('',(45.3985752012482,12.0457999999981,-38.4000000000002));
#4511=CARTESIAN_POINT('Origin',(43.7953752012481,12.0457999999981,-38.4000000000002));
#4512=CARTESIAN_POINT('',(45.3985752012482,12.0457999999981,-39.4));
#4513=CARTESIAN_POINT('',(45.3985752012482,12.0457999999981,-39.4));
#4514=CARTESIAN_POINT('Origin',(43.7953752012481,12.0457999999981,-39.4));
#4515=CARTESIAN_POINT('Origin',(43.7953752012481,12.0457999999981,-38.4000000000002));
#4516=CARTESIAN_POINT('Origin',(43.7953752012481,15.7521999999981,-39.4));
#4517=CARTESIAN_POINT('',(45.3985752012482,15.7521999999981,-38.4000000000002));
#4518=CARTESIAN_POINT('Origin',(43.7953752012481,15.7521999999981,-38.4000000000002));
#4519=CARTESIAN_POINT('',(45.3985752012482,15.7521999999981,-39.4));
#4520=CARTESIAN_POINT('',(45.3985752012482,15.7521999999981,-39.4));
#4521=CARTESIAN_POINT('Origin',(43.7953752012481,15.7521999999981,-39.4));
#4522=CARTESIAN_POINT('Origin',(43.7953752012481,15.7521999999981,-38.4000000000002));
#4523=CARTESIAN_POINT('Origin',(43.7953752012481,19.4585999999981,-39.4));
#4524=CARTESIAN_POINT('',(45.3985752012482,19.4585999999981,-38.4000000000002));
#4525=CARTESIAN_POINT('Origin',(43.7953752012481,19.4585999999981,-38.4000000000002));
#4526=CARTESIAN_POINT('',(45.3985752012482,19.4585999999981,-39.4));
#4527=CARTESIAN_POINT('',(45.3985752012482,19.4585999999981,-39.4));
#4528=CARTESIAN_POINT('Origin',(43.7953752012481,19.4585999999981,-39.4));
#4529=CARTESIAN_POINT('Origin',(43.7953752012481,19.4585999999981,-38.4000000000002));
#4530=CARTESIAN_POINT('Origin',(43.7953752012481,0.926599999998058,-39.4));
#4531=CARTESIAN_POINT('',(45.3985752012482,0.92659999999806,-38.4000000000001));
#4532=CARTESIAN_POINT('Origin',(43.7953752012481,0.92659999999806,-38.4000000000001));
#4533=CARTESIAN_POINT('',(45.3985752012482,0.926599999998058,-39.4));
#4534=CARTESIAN_POINT('',(45.3985752012482,0.926599999998058,-39.4));
#4535=CARTESIAN_POINT('Origin',(43.7953752012481,0.926599999998058,-39.4));
#4536=CARTESIAN_POINT('Origin',(43.7953752012481,0.92659999999806,-38.4000000000001));
#4537=CARTESIAN_POINT('Origin',(61.4305752012481,21.3117999999979,-38.4000000000001));
#4538=CARTESIAN_POINT('',(63.5337752012482,21.3117999999979,-39.4000000000001));
#4539=CARTESIAN_POINT('',(61.4305752012481,23.4149999999979,-39.4000000000001));
#4540=CARTESIAN_POINT('Origin',(61.4305752012481,21.3117999999979,-39.4));
#4541=CARTESIAN_POINT('',(63.5337752012482,21.3117999999979,-38.4000000000001));
#4542=CARTESIAN_POINT('',(61.4305752012481,23.4149999999979,-38.4000000000001));
#4543=CARTESIAN_POINT('Origin',(41.6921752012481,23.4149999999979,-38.4000000000001));
#4544=CARTESIAN_POINT('',(43.7953752012481,23.4149999999979,-39.4000000000001));
#4545=CARTESIAN_POINT('',(43.7953752012481,23.4149999999979,-38.4000000000001));
#4546=CARTESIAN_POINT('',(41.6921752012481,23.4149999999979,-39.4000000000001));
#4547=CARTESIAN_POINT('Origin',(61.4305752012481,-21.3118000000021,-38.4));
#4548=CARTESIAN_POINT('',(61.4305752012481,-23.4150000000021,-39.4));
#4549=CARTESIAN_POINT('',(63.5337752012482,-21.3118000000021,-39.4));
#4550=CARTESIAN_POINT('Origin',(61.4305752012481,-21.3118000000021,-39.4));
#4551=CARTESIAN_POINT('',(61.4305752012481,-23.4150000000021,-38.4));
#4552=CARTESIAN_POINT('',(63.5337752012482,-21.3118000000021,-38.4));
#4553=CARTESIAN_POINT('Origin',(63.5337752012482,23.4149999999979,-38.4000000000001));
#4554=CARTESIAN_POINT('',(63.5337752012482,23.4149999999979,-39.4000000000001));
#4555=CARTESIAN_POINT('Origin',(43.7953752012481,-21.3118000000021,-38.4));
#4556=CARTESIAN_POINT('',(41.6921752012481,-21.3118000000021,-39.4));
#4557=CARTESIAN_POINT('',(43.7953752012481,-23.4150000000021,-39.4));
#4558=CARTESIAN_POINT('Origin',(43.7953752012481,-21.3118000000021,-39.4));
#4559=CARTESIAN_POINT('',(41.6921752012481,-21.3118000000021,-38.4));
#4560=CARTESIAN_POINT('',(43.7953752012481,-23.4150000000021,-38.4));
#4561=CARTESIAN_POINT('Origin',(63.5337752012482,-23.4150000000021,-38.4));
#4562=CARTESIAN_POINT('',(63.5337752012482,-23.4150000000021,-39.4));
#4563=CARTESIAN_POINT('Origin',(43.7953752012481,21.3117999999979,-38.4000000000001));
#4564=CARTESIAN_POINT('',(41.6921752012481,21.3117999999979,-39.4000000000001));
#4565=CARTESIAN_POINT('Origin',(43.7953752012481,21.3117999999979,-39.4));
#4566=CARTESIAN_POINT('',(41.6921752012481,21.3117999999979,-38.4000000000001));
#4567=CARTESIAN_POINT('Origin',(41.6921752012481,-23.4150000000021,-38.4));
#4568=CARTESIAN_POINT('',(41.6921752012481,-23.4150000000021,-39.4));
#4569=CARTESIAN_POINT('Origin',(52.6129752012481,-2.1138646388863E-12,-39.4));
#4570=CARTESIAN_POINT('Origin',(37.1081904025897,26.4199999999979,-38.4000000000002));
#4571=CARTESIAN_POINT('',(37.1081904025897,26.4199999999979,-38.4000000000002));
#4572=CARTESIAN_POINT('Origin',(30.8822399999065,26.4199999999979,-43.4000000000002));
#4573=CARTESIAN_POINT('',(30.8822399999065,26.4199999999979,-43.4000000000002));
#4574=CARTESIAN_POINT('Origin',(68.1177599999066,26.4199999999979,-43.4000000000002));
#4575=CARTESIAN_POINT('',(68.1177599999066,26.4199999999979,-43.4000000000002));
#4576=CARTESIAN_POINT('Origin',(49.4999999999065,-2.12726030520976E-12,
-43.4000000000002));
#4577=CARTESIAN_POINT('',(49.4999999999065,-2.1316282072803E-12,43.4000000000002));
#4578=UNCERTAINTY_MEASURE_WITH_UNIT(LENGTH_MEASURE(0.01),#4584,
'DISTANCE_ACCURACY_VALUE',
'Maximum model space distance between geometric entities at asserted c
onnectivities');
#4579=UNCERTAINTY_MEASURE_WITH_UNIT(LENGTH_MEASURE(0.01),#4584,
'DISTANCE_ACCURACY_VALUE',
'Maximum model space distance between geometric entities at asserted c
onnectivities');
#4580=UNCERTAINTY_MEASURE_WITH_UNIT(LENGTH_MEASURE(0.01),#4584,
'DISTANCE_ACCURACY_VALUE',
'Maximum model space distance between geometric entities at asserted c
onnectivities');
#4581=(
GEOMETRIC_REPRESENTATION_CONTEXT(3)
GLOBAL_UNCERTAINTY_ASSIGNED_CONTEXT((#4578))
GLOBAL_UNIT_ASSIGNED_CONTEXT((#4584,#4586,#4587))
REPRESENTATION_CONTEXT('','3D')
);
#4582=(
GEOMETRIC_REPRESENTATION_CONTEXT(3)
GLOBAL_UNCERTAINTY_ASSIGNED_CONTEXT((#4579))
GLOBAL_UNIT_ASSIGNED_CONTEXT((#4584,#4586,#4587))
REPRESENTATION_CONTEXT('','3D')
);
#4583=(
GEOMETRIC_REPRESENTATION_CONTEXT(3)
GLOBAL_UNCERTAINTY_ASSIGNED_CONTEXT((#4580))
GLOBAL_UNIT_ASSIGNED_CONTEXT((#4584,#4586,#4587))
REPRESENTATION_CONTEXT('','3D')
);
#4584=(
LENGTH_UNIT()
NAMED_UNIT(*)
SI_UNIT(.MILLI.,.METRE.)
);
#4585=(
LENGTH_UNIT()
NAMED_UNIT(*)
SI_UNIT($,.METRE.)
);
#4586=(
NAMED_UNIT(*)
PLANE_ANGLE_UNIT()
SI_UNIT($,.RADIAN.)
);
#4587=(
NAMED_UNIT(*)
SI_UNIT($,.STERADIAN.)
SOLID_ANGLE_UNIT()
);
#4588=SHAPE_DEFINITION_REPRESENTATION(#4590,#4593);
#4589=SHAPE_DEFINITION_REPRESENTATION(#4591,#4594);
#4590=PRODUCT_DEFINITION_SHAPE('',$,#4596);
#4591=PRODUCT_DEFINITION_SHAPE('',$,#4597);
#4592=PRODUCT_DEFINITION_SHAPE($,$,#14);
#4593=SHAPE_REPRESENTATION('',(#2602,#2965),#4581);
#4594=SHAPE_REPRESENTATION('',(#2603),#4582);
#4595=PRODUCT_DEFINITION_CONTEXT('part definition',#4603,'design');
#4596=PRODUCT_DEFINITION('2026-10-02-12-19-25-422','PRINT_LAYOUT',#4598,
#4595);
#4597=PRODUCT_DEFINITION('2026-10-02-12-19-25-417','LaptopCase',#4599,#4595);
#4598=PRODUCT_DEFINITION_FORMATION('',$,#4605);
#4599=PRODUCT_DEFINITION_FORMATION('',$,#4606);
#4600=PRODUCT_RELATED_PRODUCT_CATEGORY('PRINT_LAYOUT','PRINT_LAYOUT',(#4605));
#4601=PRODUCT_RELATED_PRODUCT_CATEGORY('LaptopCase','LaptopCase',(#4606));
#4602=APPLICATION_PROTOCOL_DEFINITION('international standard',
'automotive_design',2009,#4603);
#4603=APPLICATION_CONTEXT(
'Core Data for Automotive Mechanical Design Process');
#4604=PRODUCT_CONTEXT('part definition',#4603,'mechanical');
#4605=PRODUCT('2026-10-02-12-19-25-422','PRINT_LAYOUT',$,(#4604));
#4606=PRODUCT('2026-10-02-12-19-25-417','LaptopCase',$,(#4604));
#4607=PRESENTATION_STYLE_ASSIGNMENT((#4610));
#4608=PRESENTATION_STYLE_ASSIGNMENT((#4611));
#4609=PRESENTATION_STYLE_ASSIGNMENT((#4612));
#4610=SURFACE_STYLE_USAGE(.BOTH.,#4613);
#4611=SURFACE_STYLE_USAGE(.BOTH.,#4614);
#4612=SURFACE_STYLE_USAGE(.BOTH.,#4615);
#4613=SURFACE_SIDE_STYLE('',(#4616));
#4614=SURFACE_SIDE_STYLE('',(#4617));
#4615=SURFACE_SIDE_STYLE('',(#4618));
#4616=SURFACE_STYLE_FILL_AREA(#4619);
#4617=SURFACE_STYLE_FILL_AREA(#4620);
#4618=SURFACE_STYLE_FILL_AREA(#4621);
#4619=FILL_AREA_STYLE('Plastic - Matte (Black)',(#4622));
#4620=FILL_AREA_STYLE('Steel - Satin',(#4623));
#4621=FILL_AREA_STYLE('Brass - Old',(#4624));
#4622=FILL_AREA_STYLE_COLOUR('Plastic - Matte (Black)',#4625);
#4623=FILL_AREA_STYLE_COLOUR('Steel - Satin',#4626);
#4624=FILL_AREA_STYLE_COLOUR('Brass - Old',#4627);
#4625=COLOUR_RGB('Plastic - Matte (Black)',0.0980392156862745,0.0980392156862745,
0.0980392156862745);
#4626=COLOUR_RGB('Steel - Satin',0.627450980392157,0.627450980392157,0.627450980392157);
#4627=COLOUR_RGB('Brass - Old',0.,0.,0.);
ENDSEC;
END-ISO-10303-21;
